{
  "textures": [
    {
      "id": "mainAtlas",
      "filePath": "main_texture.png",
      "width": 1024,
      "height": 1024
    }
  ],
  "itemTextures": [
    {
      "id": "icon",
      "atlas": "mainAtlas",
      "x": 0,
      "y": 280,
      "width": 204,
      "height": 175
    }
  ],
  "outfits": [
    {
      "id": "test_outfit",
      "displayName": "TEST OUTFIT",
      "rarity": "legendary",
      "stats": [
        {
          "id": "E",
          "value": 1
        }
      ],
      "maleAtlas": "mainAtlas",
      "maleAtlasSlot": 0,
      "femaleAtlas": "mainAtlas",
      "femaleAtlasSlot": 1,
      "itemTexture": "icon",
      "color": "FFFFFF",
	  "femaleHelmet":
	  {
		"atlas":"mainAtlas",
		"x":172,
		"y":487,
		"width":136,
		"height":128
	  },
	  "maleHelmet":
	  {
		"atlas":"mainAtlas",
		"x":0,
		"y":494,
		"width":115,
		"height":111
	  },
	  "femaleGloves":
	  {
		"open":
		{
			"atlas":"mainAtlas",
			"x":0,
			"y":644,
			"width":134,
			"height":55
		},
		"close":
		{
			"atlas":"mainAtlas",
			"x":0,
			"y":702,
			"width":134,
			"height":55
		}
	  },
	  "maleGloves":
	  {
		"open":
		{
			"atlas":"mainAtlas",
			"x":165,
			"y":639,
			"width":72,
			"height":128
		},
		"close":
		{
			"atlas":"mainAtlas",
			"x":248,
			"y":639,
			"width":72,
			"height":128
		}
	  }
    }
  ]
}