"#";"ID";"Name";"Type";"MinDifficutly";"MaxDifficutly";"Environment";"Repeatable?";"Time to reach (s)"
"1.";"SecretAgentQuestline_01_Quest_01";"Live Dead Drop";"QuestlineQuest";"7";"7";"MarketPlace";"No";"9900"
"2.";"SecretAgentQuestline_01_Quest_02";"The Infiltration Game";"QuestlineQuest";"12";"12";"Industrial";"No";"16200"
"3.";"SecretAgentQuestline_01_Quest_03";"Secret Weapon Test";"QuestlineQuest";"18";"18";"Historic";"No";"28800"
"4.";"SecretAgentQuestline_01_Quest_04";"Sabotage!";"QuestlineQuest";"25";"25";"Cave";"No";"3000"
"5.";"SecretAgentQuestline_01_Quest_05";"Dart of Harkness";"QuestlineQuest";"33";"33";"MarketPlace";"No";"34200"
"6.";"SecretAgentQuestline_01_Quest_06";"Extreme Prejudice";"QuestlineQuest";"42";"42";"Vault";"No";"57600"
"7.";"ValentinesQuestLine_01_Quest_01";"All's Fair in Love and Nuclear War";"EventQuest";"13";"13";"Vault";"No";"10800"
"8.";"ValentinesQuestLine_01_Quest_02";"This Golden Ring";"EventQuest";"14";"14";"Industrial";"No";"15600"
"9.";"ValentinesQuestLine_01_Quest_03";"A Labor of Love";"EventQuest";"15";"15";"Cave";"No";"21600"
"10.";"ValentinesQuestLine_01_Quest_04";"Groom for Doubt";"EventQuest";"16";"16";"Historic";"No";"12600"
"11.";"Standalone_51";"The De-Buggers";"StandardQuest";"11";"11";"Vault";"Yes";"10800"
"12.";"Standalone_52";"The Cat Burglar";"StandardQuest";"13";"13";"Historic";"Yes";"32400"
"13.";"Standalone_53";"Collector's Edition";"StandardQuest";"27";"27";"Industrial";"Yes";"27000"
"14.";"MinorQuestline_01_Quest_01";"Bug Hunt";"QuestlineQuest";"12";"15";"Industrial";"No";"43200"
"15.";"MinorQuestline_01_Quest_02";"Whack-a-Mole";"QuestlineQuest";"15";"18";"Historic";"No";"7200"
"16.";"MinorQuestline_01_Quest_03";"Aim for the Head!";"QuestlineQuest";"20";"23";"Vault";"No";"50400"
"17.";"MinorQuestline_01_Quest_04";"Rock Them Like A Hurricane";"QuestlineQuest";"22";"25";"Historic";"No";"14400"
"18.";"MinorQuestline_01_Quest_05";"The Most Dangerous Game";"QuestlineQuest";"25";"28";"Historic";"No";"64800"
"19.";"MinorQuestline_01_Quest_06";"12-Point Buck";"QuestlineQuest";"27";"30";"Industrial";"No";"72000"
"20.";"MinorQuestline_01_Quest_07";"The Final Hunt";"QuestlineQuest";"30";"33";"Vault";"No";"86400"
"21.";"MinorQuestline_02_Quest_01";"Have Gun, Will Travel";"QuestlineQuest";"50";"53";"Vault";"No";"32400"
"22.";"MinorQuestline_02_Quest_02";"Toy Soldiers";"QuestlineQuest";"50";"53";"Industrial";"No";"36000"
"23.";"MinorQuestline_02_Quest_03";"No Stone Unturned";"QuestlineQuest";"50";"53";"Historic";"No";"14400"
"24.";"MinorQuestline_02_Quest_04";"Slash and Burn";"QuestlineQuest";"50";"53";"Industrial";"No";"57600"
"25.";"MinorQuestline_02_Quest_05";"Mission of Mercy";"QuestlineQuest";"50";"53";"Vault";"No";"18000"
"26.";"MinorQuestline_02_Quest_06";"The Final Push";"QuestlineQuest";"50";"53";"Vault";"No";"86400"
"27.";"MinorQuestline_03_Quest_01";"Following His First Steps";"QuestlineQuest";"40";"43";"Historic";"No";"14400"
"28.";"MinorQuestline_03_Quest_02";"Raider Troubles at Corvega";"QuestlineQuest";"42";"45";"Industrial";"No";"21600"
"29.";"MinorQuestline_03_Quest_03";"When Preston Calls";"QuestlineQuest";"45";"48";"Historic";"No";"36000"
"30.";"MinorQuestline_03_Quest_04";"Kidnapping at Vault 778";"QuestlineQuest";"47";"50";"Vault";"No";"43200"
"31.";"MinorQuestline_03_Quest_05";"A Settler Needs Your Help";"QuestlineQuest";"50";"53";"Industrial";"No";"86400"
"32.";"MinorQuestline_04_Quest_01";"SOS!";"QuestlineQuest";"25";"28";"Historic";"No";"14400"
"33.";"MinorQuestline_04_Quest_02";"Canine Recovery";"QuestlineQuest";"27";"30";"Industrial";"No";"21600"
"34.";"MinorQuestline_04_Quest_03";"Vault 199";"QuestlineQuest";"29";"32";"Vault";"No";"28800"
"35.";"MinorQuestline_04_Quest_04";"In Another Vault";"QuestlineQuest";"31";"34";"Vault";"No";"36000"
"36.";"MinorQuestline_04_Quest_05";"The Tail Continues";"QuestlineQuest";"33";"36";"Industrial";"No";"43200"
"37.";"MinorQuestline_04_Quest_06";"No Time for Paws";"QuestlineQuest";"35";"38";"Vault";"No";"50400"
"38.";"MajorQuestline_01_Quest_07";"Truth Among the Ashes";"QuestlineQuest";"12";"15";"Vault";"No";"12600"
"39.";"MajorQuestline_01_Quest_08";"Overrun";"QuestlineQuest";"13";"16";"Vault";"No";"18000"
"40.";"MajorQuestline_01_Quest_09";"Powered Up!";"QuestlineQuest";"14";"17";"Industrial";"No";"7200"
"41.";"MajorQuestline_01_Quest_10";" The Road to Vaultopolis";"QuestlineQuest";"15";"18";"Vault";"No";"36000"
"42.";"MajorQuestline_01_Quest_11";"The Vault-Tec Vantage";"QuestlineQuest";"16";"19";"Historic";"No";"10800"
"43.";"MajorQuestline_01_Quest_12";"The Quest for Vault 525";"QuestlineQuest";"17";"20";"MarketPlace";"No";"54000"
"44.";"MajorQuestline_01_Quest_13";"Playing Politics";"QuestlineQuest";"18";"21";"Historic";"No";"86400"
"45.";"MajorQuestline_01_Quest_14";"The Red Rocket Reveal!";"QuestlineQuest";"19";"22";"RedRocket";"No";"18000"
"46.";"MajorQuestline_01_Quest_15";"Vaultopolis Awaits!";"QuestlineQuest";"20";"23";"Vault";"No";"106200"
"47.";"HiddenQuest_01";"With Friends Like These";"QuestClue";"60";"60";"Industrial";"No";"86400"
"48.";"HiddenQuest_02";"Welcome to Paradise";"QuestClue";"60";"60";"Vault";"No";"86400"
"49.";"TutorialQuest_01";"Getting Started";"StandardQuest";"1";"1";"Industrial";"No";"72000"
"50.";"Standalone_25";"Out of the Vault, Into the Shadows";"StandardQuest";"30";"33";"Industrial";"No";"53400"
"51.";"Standalone_26";"Hot Tub Slime Machine";"StandardQuest";"25";"28";"Vault";"No";"105000"
"52.";"Standalone_27";"Game of Vaults";"StandardQuest";"47";"50";"Historic";"No";"86400"
"53.";"Standalone_28";"Firestarter";"StandardQuest";"32";"35";"Vault";"No";"63000"
"54.";"Standalone_29";"Choo-Choo!";"StandardQuest";"26";"29";"Industrial";"No";"52200"
"55.";"Standalone_30";"Beware of Over-dog!";"StandardQuest";"36";"39";"Vault";"No";"70200"
"56.";"Standalone_31";"Overwhelming Force";"StandardQuest";"23";"26";"Historic";"No";"46800"
"57.";"Standalone_32";"Queen of the Deathclaws!";"StandardQuest";"45";"48";"Industrial";"No";"86400"
"58.";"Standalone_33";"Reign of Radroach Rodney!";"StandardQuest";"18";"21";"Historic";"No";"37800"
"59.";"Standalone_34";"Wasteland Doctoring";"StandardQuest";"50";"53";"Industrial";"No";"86400"
"60.";"Standalone_36";"Diplomatic Mission!";"StandardQuest";"23";"26";"Industrial";"No";"46800"
"61.";"MinorQuestline_05_Quest_01";"Broadsides";"QuestlineQuest";"5";"8";"Vault";"No";"18000"
"62.";"MinorQuestline_05_Quest_02";"Headshots";"QuestlineQuest";"6";"9";"Vault";"No";"21600"
"63.";"MinorQuestline_05_Quest_03";"A Map to the Stars";"QuestlineQuest";"7";"10";"Vault";"No";"7200"
"64.";"MinorQuestline_05_Quest_04";"The (Thinly Veiled) Plot Thickens";"QuestlineQuest";"8";"11";"Vault";"No";"28800"
"65.";"MinorQuestline_05_Quest_05";"Collateral Murder";"QuestlineQuest";"9";"12";"Industrial";"No";"10800"
"66.";"MinorQuestline_05_Quest_06";"Boogie Woogie Bugle Boy";"QuestlineQuest";"10";"13";"MarketPlace";"No";"36000"
"67.";"MinorQuestline_05_Quest_07";"Stop the Presses!";"QuestlineQuest";"11";"14";"Industrial";"No";"39600"
"68.";"MinorQuestline_06_Quest_01";"The Mysterious Disappearing Spuds";"QuestlineQuest";"12";"15";"Historic";"No";"14400"
"69.";"MinorQuestline_06_Quest_02";"The Spreading Blight";"QuestlineQuest";"13";"16";"Industrial";"No";"46800"
"70.";"MinorQuestline_06_Quest_03";"The Night Watch";"QuestlineQuest";"13";"16";"Industrial";"No";"10800"
"71.";"MinorQuestline_06_Quest_04";"Spear Fishing";"QuestlineQuest";"15";"18";"Historic";"No";"54000"
"72.";"MinorQuestline_06_Quest_05";"The Shadow Wolf";"QuestlineQuest";"14";"17";"Industrial";"No";"50400"
"73.";"MinorQuestline_06_Quest_06";"The Mole Rat Man";"QuestlineQuest";"17";"20";"Industrial";"No";"61200"
"74.";"MinorQuestline_07_Quest_01";"The Case of the Captured Canine";"QuestlineQuest";"20";"23";"Industrial";"No";"10800"
"75.";"MinorQuestline_07_Quest_02";"The Case of the Missing Mitt";"QuestlineQuest";"25";"28";"Historic";"No";"43200"
"76.";"MinorQuestline_07_Quest_03";"The Case of the Quantum Creeper";"QuestlineQuest";"30";"33";"Vault";"No";"18000"
"77.";"MinorQuestline_07_Quest_04";"The Case of the Lost Lunch";"QuestlineQuest";"35";"38";"Historic";"No";"72000"
"78.";"MinorQuestline_07_Quest_05";"The Bigsby Brown Case";"QuestlineQuest";"40";"43";"Historic";"No";"86400"
"79.";"Standalone_38";"Signal Failure";"StandardQuest";"28";"31";"Vault";"No";"100800"
"80.";"Standalone_39";"Take Me Out to the Ball Game";"StandardQuest";"15";"18";"Historic";"No";"54000"
"81.";"Standalone_41";"Mall Madness";"StandardQuest";"25";"28";"MarketPlace";"No";"90000"
"82.";"Standalone_42";"Revenge of the Geeks";"StandardQuest";"25";"25";"Historic";"No";"90000"
"83.";"Standalone_43";"Dog Shelter";"StandardQuest";"20";"23";"Vault";"No";"72000"
"84.";"Standalone_44";"Argh, Matey!";"StandardQuest";"35";"38";"Vault";"No";"36000"
"85.";"Daily_18_A";"Duo of Destruction: Mole Rat Brood Mothers";"QuestOfTheDay";"25";"28";"Industrial";"Yes";"7500"
"86.";"Daily_18_B";"Duo of Destruction: Mole Rat Brood Mothers";"QuestOfTheDay";"35";"38";"Industrial";"Yes";"10500"
"87.";"Daily_18_C";"Duo of Destruction: Mole Rat Brood Mothers";"QuestOfTheDay";"45";"48";"Industrial";"Yes";"13500"
"88.";"Daily_19_A";"Duo of Destruction: Glowing Radroaches";"QuestOfTheDay";"5";"8";"Vault";"Yes";"1500"
"89.";"Daily_19_B";"Duo of Destruction: Glowing Radroaches";"QuestOfTheDay";"15";"18";"Vault";"Yes";"4500"
"90.";"Daily_19_C";"Duo of Destruction: Glowing Radroaches";"QuestOfTheDay";"25";"28";"Vault";"Yes";"7500"
"91.";"Daily_20_A";"Duo of Destruction: Glowing One (x2!)";"QuestOfTheDay";"20";"23";"Industrial";"Yes";"6000"
"92.";"Daily_20_B";"Duo of Destruction: Glowing One (x2!)";"QuestOfTheDay";"30";"33";"Industrial";"Yes";"9000"
"93.";"Daily_20_C";"Duo of Destruction: Glowing One (x2!)";"QuestOfTheDay";"35";"38";"Industrial";"Yes";"10500"
"94.";"Daily_21_A";"Duo of Destruction: Glowing Radscorpions";"QuestOfTheDay";"36";"39";"Vault";"Yes";"10800"
"95.";"Daily_21_B";"Duo of Destruction: Glowing Radscorpions";"QuestOfTheDay";"39";"42";"Vault";"Yes";"11700"
"96.";"Daily_21_C";"Duo of Destruction: Glowing Radscorpions";"QuestOfTheDay";"43";"46";"Vault";"Yes";"12900"
"97.";"Daily_22_A";"Duo of Destruction: Alpha Deathclaws";"QuestOfTheDay";"41";"44";"Historic";"Yes";"12300"
"98.";"Daily_22_B";"Duo of Destruction: Alpha Deathclaws";"QuestOfTheDay";"45";"48";"Historic";"Yes";"13500"
"99.";"Daily_22_C";"Duo of Destruction: Alpha Deathclaws";"QuestOfTheDay";"50";"53";"Historic";"Yes";"15000"
"100.";"Daily_23_A";"Bounty: 'Ol One-Eye";"QuestOfTheDay";"12";"15";"Industrial";"Yes";"3600"
"101.";"Daily_23_B";"Bounty: 'Ol One-Eye";"QuestOfTheDay";"15";"18";"Industrial";"Yes";"4500"
"102.";"Daily_23_C";"Bounty: 'Ol One-Eye";"QuestOfTheDay";"22";"25";"Industrial";"Yes";"6600"
"103.";"Daily_24_A";"Bounty: Bash";"QuestOfTheDay";"25";"28";"Historic";"Yes";"7500"
"104.";"Daily_24_B";"Bounty: Bash";"QuestOfTheDay";"28";"31";"Historic";"Yes";"8400"
"105.";"Daily_24_C";"Bounty: Bash";"QuestOfTheDay";"31";"34";"Historic";"Yes";"9300"
"106.";"Daily_25_A";"Bounty: Shiner";"QuestOfTheDay";"18";"21";"Industrial";"Yes";"5400"
"107.";"Daily_25_B";"Bounty: Shiner";"QuestOfTheDay";"25";"28";"Industrial";"Yes";"7500"
"108.";"Daily_25_C";"Bounty: Shiner";"QuestOfTheDay";"29";"32";"Industrial";"Yes";"8700"
"109.";"Daily_26_A";"Bounty: Yak";"QuestOfTheDay";"20";"23";"Historic";"Yes";"6000"
"110.";"Daily_26_B";"Bounty: Yak";"QuestOfTheDay";"30";"33";"Historic";"Yes";"9000"
"111.";"Daily_26_C";"Bounty: Yak";"QuestOfTheDay";"40";"43";"Historic";"Yes";"12000"
"112.";"Daily_27_A";"Bounty: Snips";"QuestOfTheDay";"30";"33";"Industrial";"Yes";"9000"
"113.";"Daily_27_B";"Bounty: Snips";"QuestOfTheDay";"35";"38";"Industrial";"Yes";"10500"
"114.";"Daily_27_C";"Bounty: Snips";"QuestOfTheDay";"40";"43";"Industrial";"Yes";"12000"
"115.";"Daily_28_A";"Bounty: Butcher";"QuestOfTheDay";"35";"38";"Historic";"Yes";"10500"
"116.";"Daily_28_B";"Bounty: Butcher";"QuestOfTheDay";"39";"42";"Historic";"Yes";"11700"
"117.";"Daily_28_C";"Bounty: Butcher";"QuestOfTheDay";"43";"46";"Historic";"Yes";"12900"
"118.";"HalloweenQuestline_01_Quest_01";"Halloween (Non)Fiction";"EventQuest";"10";"13";"Historic";"No";"6000"
"119.";"HalloweenQuestline_01_Quest_02";"Go West";"EventQuest";"11";"14";"Industrial";"No";"6600"
"120.";"HalloweenQuestline_01_Quest_03";"Days Gone Bye";"EventQuest";"12";"15";"Vault";"No";"10800"
"121.";"HalloweenQuestline_01_Quest_04";"Mask Hysteria";"EventQuest";"13";"16";"Industrial";"No";"11700"
"122.";"HalloweenQuestline_01_Quest_05";"Scare Tactics";"EventQuest";"14";"17";"Vault";"No";"16800"
"123.";"Halloween_01";"Ghostly Gag";"EventQuest";"19";"22";"Vault";"No";"22800"
"124.";"Halloween_02";"The Haunting of Mass Chemical";"EventQuest";"20";"23";"Industrial";"No";"24000"
"125.";"Halloween_03";"Horror Movie Night!";"EventQuest";"21";"24";"Historic";"No";"25200"
"126.";"MinorQuestline_08_Quest_01";"Clearing A Path";"QuestlineQuest";"20";"23";"Industrial";"No";"24000"
"127.";"MinorQuestline_08_Quest_02";"Taking Out the Trash";"QuestlineQuest";"24";"27";"Vault";"No";"28800"
"128.";"MinorQuestline_08_Quest_03";"Heat of the Knight";"QuestlineQuest";"27";"30";"Historic";"No";"32400"
"129.";"MinorQuestline_08_Quest_04";"In Shining Armor";"QuestlineQuest";"35";"38";"Industrial";"No";"42000"
"130.";"MinorQuestline_09_Quest_01";"Off the Rails";"QuestlineQuest";"15";"18";"Cave";"No";"18000"
"131.";"MinorQuestline_09_Quest_02";"Synth in a Pinch";"QuestlineQuest";"20";"23";"Historic";"No";"24000"
"132.";"MinorQuestline_09_Quest_03";"Not-So-Safehouse";"QuestlineQuest";"30";"33";"Industrial";"No";"36000"
"133.";"MinorQuestline_09_Quest_04";"Synths for Sale";"QuestlineQuest";"40";"43";"Historic";"No";"48000"
"134.";"NewYearsQuestline_01_Quest_01";"Blackout";"EventQuest";"10";"13";"Industrial";"No";"7200"
"135.";"NewYearsQuestline_01_Quest_02";"A Special Brand";"EventQuest";"12";"15";"Historic";"No";"19200"
"136.";"NewYearsQuestline_01_Quest_03";"Walk of Shame";"EventQuest";"14";"17";"Cave";"No";"16800"
"137.";"NewYearsQuestline_01_Quest_04";"Jack Ain't Back";"EventQuest";"16";"19";"RedRocket";"No";"16800"
"138.";"NewYearsQuestline_01_Quest_05";"Human Bean Juice";"EventQuest";"18";"21";"Industrial";"No";"21600"
"139.";"NewYearsQuestline_01_Quest_06";"KHAAANNNNN!!!!";"EventQuest";"20";"23";"Cave";"No";"21600"
"140.";"MajorQuestline_01_Quest_01";"The Path of Paula Plumbkin";"QuestlineQuest";"8";"8";"Vault";"No";"1800"
"141.";"MajorQuestline_01_Quest_02";"A Thirst for Adventure";"QuestlineQuest";"9";"9";"Industrial";"No";"3000"
"142.";"MajorQuestline_01_Quest_03";"Paula's in a Pickle!";"QuestlineQuest";"10";"10";"Historic";"No";"2700"
"143.";"MajorQuestline_01_Quest_04";"Into Vault 333!";"QuestlineQuest";"11";"11";"Vault";"No";"1800"
"144.";"MajorQuestline_01_Quest_05";"Tankbusting";"QuestlineQuest";"12";"12";"Industrial";"No";"5400"
"145.";"MajorQuestline_01_Quest_06";"Return to Vault 333";"QuestlineQuest";"13";"13";"Vault";"No";"7200"
"146.";"Standalone_01";"Can't Stop The Signal";"StandardQuest";"7";"7";"Historic";"No";"25200"
"147.";"Standalone_02";"Hostage Negotiations";"StandardQuest";"14";"14";"Industrial";"No";"50400"
"148.";"Standalone_03";"A Poorly Thought-Out Plan";"StandardQuest";"46";"46";"Historic";"No";"82800"
"149.";"Standalone_04";"Target Practice";"StandardQuest";"5";"5";"Industrial";"No";"18000"
"150.";"Standalone_05";"Against The Odds";"StandardQuest";"26";"26";"Historic";"No";"69300"
"151.";"Standalone_06";"My Metal Pony";"StandardQuest";"43";"43";"Industrial";"No";"80400"
"152.";"Standalone_07";"CoveWatch!";"StandardQuest";"25";"25";"Historic";"No";"68400"
"153.";"Standalone_08";"The Scorpion... King?";"StandardQuest";"34";"34";"Industrial";"No";"75600"
"154.";"Standalone_09";"Wonders of Nature";"StandardQuest";"37";"37";"Industrial";"No";"76500"
"155.";"Standalone_10";"Wonders of Science";"StandardQuest";"27";"27";"Vault";"No";"72000"
"156.";"Standalone_11";"Wonders of Technology";"StandardQuest";"47";"47";"Vault";"No";"84600"
"157.";"Standalone_12";"Scientific Progress";"StandardQuest";"44";"44";"Historic";"No";"81900"
"158.";"Standalone_13";"Captured Critter";"StandardQuest";"22";"22";"Historic";"No";"79200"
"159.";"Standalone_14";"The Brothers Grime";"StandardQuest";"13";"13";"Industrial";"No";"46800"
"160.";"Standalone_15";"A Gathering of Ghouls";"StandardQuest";"29";"29";"Historic";"No";"74400"
"161.";"Standalone_16";"Too Good to be True";"StandardQuest";"55";"55";"Vault";"No";"88200"
"162.";"Standalone_17";"My Weird Science Project";"StandardQuest";"40";"40";"Industrial";"No";"77400"
"163.";"Standalone_18";"Shotgun Wedding";"StandardQuest";"28";"28";"Historic";"No";"73200"
"164.";"Standalone_19";"Den of Thieves";"StandardQuest";"17";"17";"Vault";"No";"61200"
"165.";"Standalone_20";"Burnout";"StandardQuest";"42";"42";"Industrial";"No";"80100"
"166.";"Standalone_21";"Radiation Leak!";"StandardQuest";"24";"24";"Vault";"No";"86400"
"167.";"Standalone_22";"Arms Race";"StandardQuest";"52";"52";"Historic";"No";"85500"
"168.";"Standalone_23";"Ghooooooooooooooooooul!";"StandardQuest";"31";"31";"Vault";"No";"79200"
"169.";"Standalone_24";"Monday Night Brawl";"StandardQuest";"35";"35";"Historic";"No";"70800"
"170.";"Daily_01_Diff_10_A";"Weapons Run";"QuestOfTheDay";"11";"11";"Industrial";"Yes";"21600"
"171.";"Daily_01_Diff_20_A";"Weapons Run";"QuestOfTheDay";"22";"22";"Industrial";"Yes";"21600"
"172.";"Daily_01_Diff_30_A";"Weapons Run";"QuestOfTheDay";"33";"33";"Industrial";"Yes";"21600"
"173.";"Daily_01_Diff_40_A";"Weapons Run";"QuestOfTheDay";"44";"44";"Industrial";"Yes";"21600"
"174.";"Daily_01_Diff_50_A";"Weapons Run";"QuestOfTheDay";"55";"55";"Industrial";"Yes";"21600"
"175.";"Daily_02_Diff_10_A";"Outfit Run";"QuestOfTheDay";"11";"11";"Historic";"Yes";"14400"
"176.";"Daily_02_Diff_20_A";"Outfit Run";"QuestOfTheDay";"22";"22";"Historic";"Yes";"14400"
"177.";"Daily_02_Diff_30_A";"Outfit Run";"QuestOfTheDay";"33";"33";"Historic";"Yes";"14400"
"178.";"Daily_02_Diff_40_A";"Outfit Run";"QuestOfTheDay";"44";"44";"Historic";"Yes";"14400"
"179.";"Daily_02_Diff_50_A";"Outfit Run";"QuestOfTheDay";"55";"55";"Historic";"Yes";"14400"
"180.";"Daily_01_Diff_10_B";"Weapons Run";"QuestOfTheDay";"11";"11";"Historic";"Yes";"21600"
"181.";"Daily_01_Diff_20_B";"Weapons Run";"QuestOfTheDay";"22";"22";"Historic";"Yes";"21600"
"182.";"Daily_01_Diff_30_B";"Weapons Run";"QuestOfTheDay";"33";"33";"Historic";"Yes";"21600"
"183.";"Daily_01_Diff_40_B";"Weapons Run";"QuestOfTheDay";"44";"44";"Historic";"Yes";"21600"
"184.";"Daily_01_Diff_50_B";"Weapons Run";"QuestOfTheDay";"55";"55";"Historic";"Yes";"21600"
"185.";"Daily_02_Diff_10_B";"Outfit Run";"QuestOfTheDay";"11";"11";"Industrial";"Yes";"14400"
"186.";"Daily_02_Diff_20_B";"Outfit Run";"QuestOfTheDay";"22";"22";"Industrial";"Yes";"14400"
"187.";"Daily_02_Diff_30_B";"Outfit Run";"QuestOfTheDay";"33";"33";"Industrial";"Yes";"14400"
"188.";"Daily_02_Diff_40_B";"Outfit Run";"QuestOfTheDay";"44";"44";"Industrial";"Yes";"14400"
"189.";"Daily_02_Diff_50_B";"Outfit Run";"QuestOfTheDay";"55";"55";"Industrial";"Yes";"14400"
"190.";"Daily_01_Diff_10_C";"Weapons Run";"QuestOfTheDay";"11";"11";"Cave";"Yes";"21600"
"191.";"Daily_01_Diff_20_C";"Weapons Run";"QuestOfTheDay";"22";"22";"Cave";"Yes";"21600"
"192.";"Daily_01_Diff_30_C";"Weapons Run";"QuestOfTheDay";"33";"33";"Cave";"Yes";"21600"
"193.";"Daily_01_Diff_40_C";"Weapons Run";"QuestOfTheDay";"44";"44";"Cave";"Yes";"21600"
"194.";"Daily_01_Diff_50_C";"Weapons Run";"QuestOfTheDay";"55";"55";"Cave";"Yes";"21600"
"195.";"Daily_02_Diff_10_C";"Outfit Run";"QuestOfTheDay";"11";"11";"Vault";"Yes";"14400"
"196.";"Daily_02_Diff_20_C";"Outfit Run";"QuestOfTheDay";"22";"22";"Vault";"Yes";"14400"
"197.";"Daily_02_Diff_30_C";"Outfit Run";"QuestOfTheDay";"33";"33";"Vault";"Yes";"14400"
"198.";"Daily_02_Diff_40_C";"Outfit Run";"QuestOfTheDay";"44";"44";"Vault";"Yes";"14400"
"199.";"Daily_02_Diff_50_C";"Outfit Run";"QuestOfTheDay";"55";"55";"Vault";"Yes";"14400"
"200.";"RedRocket_01";"A Cry for Help";"QuestSurprise";"0";"0";"RedRocket";"Yes";"0"
"201.";"SuperMart_01_Diff_05";"Clean-Up On Aisle Five";"QuestSurprise";"3";"3";"MarketPlace";"Yes";"0"
"202.";"SuperMart_01_Diff_15";"Clean-Up On Aisle Five";"QuestSurprise";"11";"11";"MarketPlace";"Yes";"0"
"203.";"SuperMart_01_Diff_25";"Clean-Up On Aisle Five";"QuestSurprise";"19";"19";"MarketPlace";"Yes";"0"
"204.";"SuperMart_01_Diff_35";"Clean-Up On Aisle Five";"QuestSurprise";"27";"27";"MarketPlace";"Yes";"0"
"205.";"SuperMart_01_Diff_45";"Clean-Up On Aisle Five";"QuestSurprise";"35";"35";"MarketPlace";"Yes";"0"
"206.";"Cabin_01_Diff_03";"Wasteland Getaway";"QuestSurprise";"5";"5";"AbandonedHouse";"Yes";"0"
"207.";"Cabin_01_Diff_13";"Wasteland Getaway";"QuestSurprise";"13";"13";"AbandonedHouse";"Yes";"0"
"208.";"Cabin_01_Diff_23";"Wasteland Getaway";"QuestSurprise";"21";"21";"AbandonedHouse";"Yes";"0"
"209.";"Cabin_01_Diff_33";"Wasteland Getaway";"QuestSurprise";"29";"29";"AbandonedHouse";"Yes";"0"
"210.";"Cabin_01_Diff_43";"Wasteland Getaway";"QuestSurprise";"37";"37";"AbandonedHouse";"Yes";"0"
"211.";"MajorQuestline_02_Quest_01";"Man on First";"QuestlineQuest";"38";"38";"Industrial";"No";"7200"
"212.";"MajorQuestline_02_Quest_02";"Man on Second";"QuestlineQuest";"39";"39";"Vault";"No";"12600"
"213.";"MajorQuestline_02_Quest_03";"Man on Third";"QuestlineQuest";"40";"40";"Historic";"No";"21600"
"214.";"MajorQuestline_02_Quest_04";"Time for a Grand Slam?";"QuestlineQuest";"41";"41";"Vault";"No";"9000"
"215.";"MajorQuestline_02_Quest_05";"Worst. Coach. Ever.";"QuestlineQuest";"42";"42";"Industrial";"No";"30600"
"216.";"MajorQuestline_02_Quest_06";"Picked Off at Second!";"QuestlineQuest";"43";"43";"Historic";"No";"39600"
"217.";"MajorQuestline_02_Quest_07";"Seventh Inning Stretch";"QuestlineQuest";"44";"44";"Historic";"No";"10800"
"218.";"MajorQuestline_02_Quest_08";"Getcha' Peanuts Here!";"QuestlineQuest";"45";"45";"Industrial";"No";"50400"
"219.";"MajorQuestline_02_Quest_09";"Last Inning! Or not...";"QuestlineQuest";"46";"46";"Vault";"No";"55800"
"220.";"MajorQuestline_02_Quest_10";"There's no Crying in Baseball!";"QuestlineQuest";"47";"47";"Historic";"No";"12600"
"221.";"MajorQuestline_02_Quest_11";"Runners in Scoring Position!";"QuestlineQuest";"48";"48";"Industrial";"No";"67500"
"222.";"MajorQuestline_02_Quest_12";"Conference on the Mound";"QuestlineQuest";"49";"49";"Industrial";"No";"71100"
"223.";"MajorQuestline_02_Quest_13";"Here's the Pitch...";"QuestlineQuest";"50";"50";"Historic";"No";"14400"
"224.";"MajorQuestline_02_Quest_14";"Homerun!";"QuestlineQuest";"51";"51";"Vault";"No";"81900"
"225.";"MajorQuestline_02_Quest_15";"Here's to You, Rackie Jobinson";"QuestlineQuest";"52";"52";"Vault";"No";"85500"
"226.";"AbandonedCabin_05_Diff_12";"The Scenic Route";"QuestSurprise";"12";"12";"AbandonedHouse";"Yes";"0"
"227.";"AbandonedCabin_05_Diff_20";"The Scenic Route";"QuestSurprise";"20";"20";"AbandonedHouse";"Yes";"0"
"228.";"AbandonedCabin_05_Diff_28";"The Scenic Route";"QuestSurprise";"28";"28";"AbandonedHouse";"Yes";"0"
"229.";"AbandonedCabin_05_Diff_36";"The Scenic Route";"QuestSurprise";"36";"36";"AbandonedHouse";"Yes";"0"
"230.";"AbandonedCabin_06_Diff_12";"Cabin Without The Woods";"QuestSurprise";"12";"12";"AbandonedHouse";"Yes";"0"
"231.";"AbandonedCabin_06_Diff_20";"Cabin Without The Woods";"QuestSurprise";"20";"20";"AbandonedHouse";"Yes";"0"
"232.";"AbandonedCabin_06_Diff_28";"Cabin Without The Woods";"QuestSurprise";"28";"28";"AbandonedHouse";"Yes";"0"
"233.";"AbandonedCabin_06_Diff_36";"Cabin Without The Woods";"QuestSurprise";"36";"36";"AbandonedHouse";"Yes";"0"
"234.";"AbandonedCabin_07_Diff_04";"Party Crasher";"QuestSurprise";"4";"4";"AbandonedHouse";"Yes";"0"
"235.";"AbandonedCabin_07_Diff_12";"Party Crasher";"QuestSurprise";"12";"12";"AbandonedHouse";"Yes";"0"
"236.";"AbandonedCabin_07_Diff_20";"Party Crasher";"QuestSurprise";"20";"20";"AbandonedHouse";"Yes";"0"
"237.";"AbandonedCabin_07_Diff_28";"Party Crasher";"QuestSurprise";"28";"28";"AbandonedHouse";"Yes";"0"
"238.";"AbandonedCabin_07_Diff_36";"Party Crasher";"QuestSurprise";"36";"36";"AbandonedHouse";"Yes";"0"
"239.";"RedRocket_05_Diff_29";"Big Trouble";"QuestSurprise";"29";"29";"RedRocket";"Yes";"0"
"240.";"RedRocket_05_Diff_37";"Big Trouble";"QuestSurprise";"37";"37";"RedRocket";"Yes";"0"
"241.";"RedRocket_06_Diff_05";"Gas 'N Go";"QuestSurprise";"5";"5";"RedRocket";"Yes";"0"
"242.";"RedRocket_06_Diff_13";"Gas 'N Go";"QuestSurprise";"13";"13";"RedRocket";"Yes";"0"
"243.";"RedRocket_06_Diff_21";"Gas 'N Go";"QuestSurprise";"21";"21";"RedRocket";"Yes";"0"
"244.";"RedRocket_06_Diff_29";"Gas 'N Go";"QuestSurprise";"29";"29";"RedRocket";"Yes";"0"
"245.";"RedRocket_06_Diff_37";"Gas 'N Go";"QuestSurprise";"37";"37";"RedRocket";"Yes";"0"
"246.";"RedRocket_07_Diff_05";"Fashion Statement";"QuestSurprise";"5";"5";"RedRocket";"Yes";"0"
"247.";"RedRocket_07_Diff_13";"Fashion Statement";"QuestSurprise";"13";"13";"RedRocket";"Yes";"0"
"248.";"RedRocket_07_Diff_21";"Fashion Statement";"QuestSurprise";"21";"21";"RedRocket";"Yes";"0"
"249.";"RedRocket_07_Diff_29";"Fashion Statement";"QuestSurprise";"29";"29";"RedRocket";"Yes";"0"
"250.";"RedRocket_07_Diff_37";"Fashion Statement";"QuestSurprise";"37";"37";"RedRocket";"Yes";"0"
"251.";"SuperMart_05_Diff_03";"Get in Line";"QuestSurprise";"3";"3";"MarketPlace";"Yes";"0"
"252.";"SuperMart_05_Diff_11";"Get in Line";"QuestSurprise";"11";"11";"MarketPlace";"Yes";"0"
"253.";"SuperMart_05_Diff_19";"Get in Line";"QuestSurprise";"19";"19";"MarketPlace";"Yes";"0"
"254.";"SuperMart_05_Diff_27";"Get in Line";"QuestSurprise";"27";"27";"MarketPlace";"Yes";"0"
"255.";"SuperMart_05_Diff_35";"Get in Line";"QuestSurprise";"35";"35";"MarketPlace";"Yes";"0"
"256.";"SuperMart_06_Diff_03_A";"Food Fight!";"QuestSurprise";"3";"3";"MarketPlace";"Yes";"0"
"257.";"SuperMart_06_Diff_11_A";"Food Fight!";"QuestSurprise";"11";"11";"MarketPlace";"Yes";"0"
"258.";"SuperMart_06_Diff_19_A";"Food Fight!";"QuestSurprise";"19";"19";"MarketPlace";"Yes";"0"
"259.";"SuperMart_06_Diff_27_A";"Food Fight!";"QuestSurprise";"27";"27";"MarketPlace";"Yes";"0"
"260.";"SuperMart_06_Diff_35_A";"Food Fight!";"QuestSurprise";"35";"35";"MarketPlace";"Yes";"0"
"261.";"SuperMart_06_Diff_03_B";"Food Fight!";"QuestSurprise";"3";"3";"MarketPlace";"Yes";"0"
"262.";"SuperMart_06_Diff_11_B";"Food Fight!";"QuestSurprise";"11";"11";"MarketPlace";"Yes";"0"
"263.";"SuperMart_06_Diff_19_B";"Food Fight!";"QuestSurprise";"19";"19";"MarketPlace";"Yes";"0"
"264.";"SuperMart_06_Diff_27_B";"Food Fight!";"QuestSurprise";"27";"27";"MarketPlace";"Yes";"0"
"265.";"SuperMart_06_Diff_35_B";"Food Fight!";"QuestSurprise";"35";"35";"MarketPlace";"Yes";"0"
"266.";"SuperMart_06_Diff_03_C";"Food Fight!";"QuestSurprise";"3";"3";"MarketPlace";"Yes";"0"
"267.";"SuperMart_06_Diff_11_C";"Food Fight!";"QuestSurprise";"11";"11";"MarketPlace";"Yes";"0"
"268.";"SuperMart_06_Diff_19_C";"Food Fight!";"QuestSurprise";"19";"19";"MarketPlace";"Yes";"0"
"269.";"SuperMart_06_Diff_27_C";"Food Fight!";"QuestSurprise";"27";"27";"MarketPlace";"Yes";"0"
"270.";"SuperMart_06_Diff_35_C";"Food Fight!";"QuestSurprise";"35";"35";"MarketPlace";"Yes";"0"
"271.";"SuperMart_06_Diff_03_D";"Food Fight!";"QuestSurprise";"3";"3";"MarketPlace";"Yes";"0"
"272.";"SuperMart_06_Diff_11_D";"Food Fight!";"QuestSurprise";"11";"11";"MarketPlace";"Yes";"0"
"273.";"SuperMart_06_Diff_19_D";"Food Fight!";"QuestSurprise";"19";"19";"MarketPlace";"Yes";"0"
"274.";"SuperMart_06_Diff_27_D";"Food Fight!";"QuestSurprise";"27";"27";"MarketPlace";"Yes";"0"
"275.";"SuperMart_06_Diff_35_D";"Food Fight!";"QuestSurprise";"35";"35";"MarketPlace";"Yes";"0"
"276.";"SuperMart_06_Diff_03_E";"Food Fight!";"QuestSurprise";"3";"3";"MarketPlace";"Yes";"0"
"277.";"SuperMart_06_Diff_11_E";"Food Fight!";"QuestSurprise";"11";"11";"MarketPlace";"Yes";"0"
"278.";"SuperMart_06_Diff_19_E";"Food Fight!";"QuestSurprise";"19";"19";"MarketPlace";"Yes";"0"
"279.";"SuperMart_06_Diff_27_E";"Food Fight!";"QuestSurprise";"27";"27";"MarketPlace";"Yes";"0"
"280.";"SuperMart_06_Diff_35_E";"Food Fight!";"QuestSurprise";"35";"35";"MarketPlace";"Yes";"0"
"281.";"SuperMart_07_Diff_03";"Express Checkout";"QuestSurprise";"3";"3";"MarketPlace";"Yes";"0"
"282.";"SuperMart_07_Diff_11";"Express Checkout";"QuestSurprise";"11";"11";"MarketPlace";"Yes";"0"
"283.";"SuperMart_07_Diff_19";"Express Checkout";"QuestSurprise";"19";"19";"MarketPlace";"Yes";"0"
"284.";"SuperMart_07_Diff_27";"Express Checkout";"QuestSurprise";"27";"27";"MarketPlace";"Yes";"0"
"285.";"SuperMart_07_Diff_35";"Express Checkout";"QuestSurprise";"35";"35";"MarketPlace";"Yes";"0"
"286.";"SuperMart_08_Diff_11";"Post-Apocalyptic World Problems";"QuestSurprise";"11";"11";"MarketPlace";"Yes";"0"
"287.";"SuperMart_08_Diff_19";"Post-Apocalyptic World Problems";"QuestSurprise";"19";"19";"MarketPlace";"Yes";"0"
"288.";"SuperMart_08_Diff_27";"Post-Apocalyptic World Problems";"QuestSurprise";"27";"27";"MarketPlace";"Yes";"0"
"289.";"SuperMart_08_Diff_35";"Post-Apocalyptic World Problems";"QuestSurprise";"35";"35";"MarketPlace";"Yes";"0"
"290.";"Daily_15_Diff_06_A";"Spy on Raiders!";"QuestOfTheDay";"6";"6";"Industrial";"Yes";"7200"
"291.";"Daily_15_Diff_16_A";"Spy on Raiders!";"QuestOfTheDay";"16";"16";"Industrial";"Yes";"7200"
"292.";"Daily_15_Diff_26_A";"Spy on Raiders!";"QuestOfTheDay";"26";"26";"Industrial";"Yes";"7200"
"293.";"Daily_15_Diff_36_A";"Spy on Raiders!";"QuestOfTheDay";"36";"36";"Industrial";"Yes";"7200"
"294.";"Daily_15_Diff_46_A";"Spy on Raiders!";"QuestOfTheDay";"46";"46";"Industrial";"Yes";"7200"
"295.";"Daily_15_Diff_07_B";"Spy on Raiders!";"QuestOfTheDay";"7";"7";"Cave";"Yes";"8400"
"296.";"Daily_15_Diff_17_B";"Spy on Raiders!";"QuestOfTheDay";"17";"17";"Cave";"Yes";"8400"
"297.";"Daily_15_Diff_27_B";"Spy on Raiders!";"QuestOfTheDay";"27";"27";"Cave";"Yes";"8400"
"298.";"Daily_15_Diff_37_B";"Spy on Raiders!";"QuestOfTheDay";"37";"37";"Cave";"Yes";"8400"
"299.";"Daily_15_Diff_47_B";"Spy on Raiders!";"QuestOfTheDay";"47";"47";"Cave";"Yes";"8400"
"300.";"Daily_15_Diff_08_C";"Spy on Raiders!";"QuestOfTheDay";"8";"8";"Historic";"Yes";"9600"
"301.";"Daily_15_Diff_18_C";"Spy on Raiders!";"QuestOfTheDay";"18";"18";"Historic";"Yes";"9600"
"302.";"Daily_15_Diff_28_C";"Spy on Raiders!";"QuestOfTheDay";"28";"28";"Historic";"Yes";"9600"
"303.";"Daily_15_Diff_38_C";"Spy on Raiders!";"QuestOfTheDay";"38";"38";"Historic";"Yes";"9600"
"304.";"Daily_15_Diff_48_C";"Spy on Raiders!";"QuestOfTheDay";"48";"48";"Historic";"Yes";"9600"
"305.";"Daily_15_Diff_09_D";"Spy on Raiders!";"QuestOfTheDay";"9";"9";"Vault";"Yes";"10800"
"306.";"Daily_15_Diff_19_D";"Spy on Raiders!";"QuestOfTheDay";"19";"19";"Vault";"Yes";"10800"
"307.";"Daily_15_Diff_29_D";"Spy on Raiders!";"QuestOfTheDay";"29";"29";"Vault";"Yes";"10800"
"308.";"Daily_15_Diff_39_D";"Spy on Raiders!";"QuestOfTheDay";"39";"39";"Vault";"Yes";"10800"
"309.";"Daily_15_Diff_49_D";"Spy on Raiders!";"QuestOfTheDay";"49";"49";"Vault";"Yes";"10800"
"310.";"Daily_15_Diff_10_E";"Spy on Raiders!";"QuestOfTheDay";"10";"10";"Industrial";"Yes";"12000"
"311.";"Daily_15_Diff_20_E";"Spy on Raiders!";"QuestOfTheDay";"20";"20";"Industrial";"Yes";"12000"
"312.";"Daily_15_Diff_30_E";"Spy on Raiders!";"QuestOfTheDay";"30";"30";"Industrial";"Yes";"12000"
"313.";"Daily_15_Diff_40_E";"Spy on Raiders!";"QuestOfTheDay";"40";"40";"Industrial";"Yes";"12000"
"314.";"Daily_15_Diff_50_E";"Spy on Raiders!";"QuestOfTheDay";"50";"50";"Industrial";"Yes";"12000"
"315.";"Daily_16_Diff_11_A";"Science Cooperative!";"QuestOfTheDay";"11";"11";"Historic";"Yes";"13200"
"316.";"Daily_16_Diff_21_A";"Science Cooperative!";"QuestOfTheDay";"21";"21";"Historic";"Yes";"13200"
"317.";"Daily_16_Diff_31_A";"Science Cooperative!";"QuestOfTheDay";"31";"31";"Historic";"Yes";"13200"
"318.";"Daily_16_Diff_41_A";"Science Cooperative!";"QuestOfTheDay";"41";"41";"Historic";"Yes";"13200"
"319.";"Daily_16_Diff_51_A";"Science Cooperative!";"QuestOfTheDay";"51";"51";"Historic";"Yes";"13200"
"320.";"Daily_16_Diff_12_B";"Science Cooperative!";"QuestOfTheDay";"12";"12";"Vault";"Yes";"14400"
"321.";"Daily_16_Diff_22_B";"Science Cooperative!";"QuestOfTheDay";"22";"22";"Vault";"Yes";"14400"
"322.";"Daily_16_Diff_32_B";"Science Cooperative!";"QuestOfTheDay";"32";"32";"Vault";"Yes";"14400"
"323.";"Daily_16_Diff_42_B";"Science Cooperative!";"QuestOfTheDay";"42";"42";"Vault";"Yes";"14400"
"324.";"Daily_16_Diff_52_B";"Science Cooperative!";"QuestOfTheDay";"52";"52";"Vault";"Yes";"14400"
"325.";"Daily_16_Diff_13_C";"Science Cooperative!";"QuestOfTheDay";"13";"13";"Industrial";"Yes";"15600"
"326.";"Daily_16_Diff_23_C";"Science Cooperative!";"QuestOfTheDay";"23";"23";"Industrial";"Yes";"15600"
"327.";"Daily_16_Diff_33_C";"Science Cooperative!";"QuestOfTheDay";"33";"33";"Industrial";"Yes";"15600"
"328.";"Daily_16_Diff_43_C";"Science Cooperative!";"QuestOfTheDay";"43";"43";"Industrial";"Yes";"15600"
"329.";"Daily_16_Diff_53_C";"Science Cooperative!";"QuestOfTheDay";"53";"53";"Industrial";"Yes";"15600"
"330.";"Daily_16_Diff_14_D";"Science Cooperative!";"QuestOfTheDay";"14";"14";"Cave";"Yes";"16800"
"331.";"Daily_16_Diff_24_D";"Science Cooperative!";"QuestOfTheDay";"24";"24";"Cave";"Yes";"16800"
"332.";"Daily_16_Diff_34_D";"Science Cooperative!";"QuestOfTheDay";"34";"34";"Cave";"Yes";"16800"
"333.";"Daily_16_Diff_44_D";"Science Cooperative!";"QuestOfTheDay";"44";"44";"Cave";"Yes";"16800"
"334.";"Daily_16_Diff_54_D";"Science Cooperative!";"QuestOfTheDay";"54";"54";"Cave";"Yes";"16800"
"335.";"Daily_16_Diff_15_E";"Science Cooperative!";"QuestOfTheDay";"15";"15";"Historic";"Yes";"18000"
"336.";"Daily_16_Diff_25_E";"Science Cooperative!";"QuestOfTheDay";"25";"25";"Historic";"Yes";"18000"
"337.";"Daily_16_Diff_35_E";"Science Cooperative!";"QuestOfTheDay";"35";"35";"Historic";"Yes";"18000"
"338.";"Daily_16_Diff_45_E";"Science Cooperative!";"QuestOfTheDay";"45";"45";"Historic";"Yes";"18000"
"339.";"Daily_16_Diff_55_E";"Science Cooperative!";"QuestOfTheDay";"55";"55";"Historic";"Yes";"18000"
"340.";"Daily_17_Diff_16_A";"Friendly Settlement!";"QuestOfTheDay";"16";"16";"Industrial";"Yes";"19200"
"341.";"Daily_17_Diff_26_A";"Friendly Settlement!";"QuestOfTheDay";"26";"26";"Industrial";"Yes";"19200"
"342.";"Daily_17_Diff_36_A";"Friendly Settlement!";"QuestOfTheDay";"36";"36";"Industrial";"Yes";"19200"
"343.";"Daily_17_Diff_46_A";"Friendly Settlement!";"QuestOfTheDay";"46";"46";"Industrial";"Yes";"19200"
"344.";"Daily_17_Diff_56_A";"Friendly Settlement!";"QuestOfTheDay";"56";"56";"Industrial";"Yes";"19200"
"345.";"Daily_17_Diff_17_B";"Friendly Settlement!";"QuestOfTheDay";"17";"17";"Historic";"Yes";"20400"
"346.";"Daily_17_Diff_27_B";"Friendly Settlement!";"QuestOfTheDay";"27";"27";"Historic";"Yes";"20400"
"347.";"Daily_17_Diff_37_B";"Friendly Settlement!";"QuestOfTheDay";"37";"37";"Historic";"Yes";"20400"
"348.";"Daily_17_Diff_47_B";"Friendly Settlement!";"QuestOfTheDay";"47";"47";"Historic";"Yes";"20400"
"349.";"Daily_17_Diff_57_B";"Friendly Settlement!";"QuestOfTheDay";"57";"57";"Historic";"Yes";"20400"
"350.";"Daily_17_Diff_18_C";"Friendly Settlement!";"QuestOfTheDay";"18";"18";"Industrial";"Yes";"21600"
"351.";"Daily_17_Diff_28_C";"Friendly Settlement!";"QuestOfTheDay";"28";"28";"Industrial";"Yes";"21600"
"352.";"Daily_17_Diff_38_C";"Friendly Settlement!";"QuestOfTheDay";"38";"38";"Industrial";"Yes";"21600"
"353.";"Daily_17_Diff_48_C";"Friendly Settlement!";"QuestOfTheDay";"48";"48";"Industrial";"Yes";"21600"
"354.";"Daily_17_Diff_58_C";"Friendly Settlement!";"QuestOfTheDay";"58";"58";"Industrial";"Yes";"21600"
"355.";"Daily_17_Diff_19_D";"Friendly Settlement!";"QuestOfTheDay";"19";"19";"Historic";"Yes";"22800"
"356.";"Daily_17_Diff_29_D";"Friendly Settlement!";"QuestOfTheDay";"29";"29";"Historic";"Yes";"22800"
"357.";"Daily_17_Diff_39_D";"Friendly Settlement!";"QuestOfTheDay";"39";"39";"Historic";"Yes";"22800"
"358.";"Daily_17_Diff_49_D";"Friendly Settlement!";"QuestOfTheDay";"49";"49";"Historic";"Yes";"22800"
"359.";"Daily_17_Diff_59_D";"Friendly Settlement!";"QuestOfTheDay";"59";"59";"Historic";"Yes";"22800"
"360.";"Hidden_03";"The Mystery of Vault 666";"QuestClue";"40";"40";"Vault";"No";"81000"
"361.";"Hidden_04";"Factory Floor of Fear";"QuestClue";"50";"50";"Industrial";"No";"86400"
"362.";"Hidden_05";"Vault 789";"QuestClue";"30";"30";"Vault";"No";"71100"
"363.";"NukaWorldQuestline_01_Quest_01";"Bottlecap Blues";"EventQuest";"14";"14";"Industrial";"No";"10800"
"364.";"NukaWorldQuestline_01_Quest_02";"In Hot Pursuit";"EventQuest";"15";"15";"Vault";"No";"15600"
"365.";"NukaWorldQuestline_01_Quest_03";"Playing Catch-Up";"EventQuest";"16";"16";"Historic";"No";"13200"
"366.";"NukaWorldQuestline_01_Quest_04";"Pet Peeve";"EventQuest";"17";"17";"Historic";"No";"12000"
"367.";"NukaWorldQuestline_01_Quest_05";"A Refreshing Rescue";"EventQuest";"18";"18";"Industrial";"No";"20400"
"368.";"LaborDayQuestline_01_Quest_01";"Power to the People?";"EventQuest";"16";"16";"Vault";"No";"5400"
"369.";"LaborDayQuestline_01_Quest_02";"No Rest for the Wicked";"EventQuest";"17";"17";"Vault";"No";"14400"
"370.";"LaborDayQuestline_01_Quest_03";"All Work and No Play";"EventQuest";"18";"18";"Vault";"No";"19800"
"371.";"LaborDayQuestline_01_Quest_04";"Working Overtime";"EventQuest";"19";"19";"Vault";"No";"17100"
"372.";"LaborDayQuestline_01_Quest_05";"Rubarb's Reckoning";"EventQuest";"20";"20";"Vault";"No";"21600"
"373.";"Weekly_01_Diff_06";"Game Show Gauntlet";"QuestOfTheWeek";"6";"6";"Historic";"Yes";"50400"
"374.";"Weekly_01_Diff_16";"Game Show Gauntlet";"QuestOfTheWeek";"16";"16";"Historic";"Yes";"50400"
"375.";"Weekly_01_Diff_26";"Game Show Gauntlet";"QuestOfTheWeek";"26";"26";"Historic";"Yes";"50400"
"376.";"Weekly_01_Diff_36";"Game Show Gauntlet";"QuestOfTheWeek";"36";"36";"Historic";"Yes";"50400"
"377.";"Weekly_01_Diff_46";"Game Show Gauntlet";"QuestOfTheWeek";"46";"46";"Historic";"Yes";"50400"
"378.";"Weekly_02_Diff_08";"Game Show Gauntlet";"QuestOfTheWeek";"8";"8";"Industrial";"Yes";"57600"
"379.";"Weekly_02_Diff_18";"Game Show Gauntlet";"QuestOfTheWeek";"18";"18";"Industrial";"Yes";"57600"
"380.";"Weekly_02_Diff_28";"Game Show Gauntlet";"QuestOfTheWeek";"28";"28";"Industrial";"Yes";"57600"
"381.";"Weekly_02_Diff_38";"Game Show Gauntlet";"QuestOfTheWeek";"38";"38";"Industrial";"Yes";"57600"
"382.";"Weekly_02_Diff_48";"Game Show Gauntlet";"QuestOfTheWeek";"48";"48";"Industrial";"Yes";"57600"
"383.";"Weekly_03_Diff_10";"Game Show Gauntlet";"QuestOfTheWeek";"10";"10";"Cave";"Yes";"64800"
"384.";"Weekly_03_Diff_20";"Game Show Gauntlet";"QuestOfTheWeek";"20";"20";"Cave";"Yes";"64800"
"385.";"Weekly_03_Diff_30";"Game Show Gauntlet";"QuestOfTheWeek";"30";"30";"Cave";"Yes";"64800"
"386.";"Weekly_03_Diff_40";"Game Show Gauntlet";"QuestOfTheWeek";"40";"40";"Cave";"Yes";"64800"
"387.";"Weekly_03_Diff_50";"Game Show Gauntlet";"QuestOfTheWeek";"50";"50";"Cave";"Yes";"64800"
"388.";"Weekly_04_Diff_12";"Game Show Gauntlet";"QuestOfTheWeek";"12";"12";"Industrial";"Yes";"72000"
"389.";"Weekly_04_Diff_22";"Game Show Gauntlet";"QuestOfTheWeek";"22";"22";"Industrial";"Yes";"72000"
"390.";"Weekly_04_Diff_32";"Game Show Gauntlet";"QuestOfTheWeek";"32";"32";"Industrial";"Yes";"72000"
"391.";"Weekly_04_Diff_42";"Game Show Gauntlet";"QuestOfTheWeek";"42";"42";"Industrial";"Yes";"72000"
"392.";"Weekly_04_Diff_52";"Game Show Gauntlet";"QuestOfTheWeek";"52";"52";"Industrial";"Yes";"72000"
"393.";"Weekly_05_Diff_14";"Game Show Gauntlet";"QuestOfTheWeek";"14";"14";"Vault";"Yes";"79200"
"394.";"Weekly_05_Diff_24";"Game Show Gauntlet";"QuestOfTheWeek";"24";"24";"Vault";"Yes";"79200"
"395.";"Weekly_05_Diff_34";"Game Show Gauntlet";"QuestOfTheWeek";"34";"34";"Vault";"Yes";"79200"
"396.";"Weekly_05_Diff_44";"Game Show Gauntlet";"QuestOfTheWeek";"44";"44";"Vault";"Yes";"79200"
"397.";"Weekly_05_Diff_54";"Game Show Gauntlet";"QuestOfTheWeek";"54";"54";"Vault";"Yes";"79200"
"398.";"Weekly_06_Diff_16";"Game Show Gauntlet";"QuestOfTheWeek";"16";"16";"Historic";"Yes";"86400"
"399.";"Weekly_06_Diff_26";"Game Show Gauntlet";"QuestOfTheWeek";"26";"26";"Historic";"Yes";"86400"
"400.";"Weekly_06_Diff_36";"Game Show Gauntlet";"QuestOfTheWeek";"36";"36";"Historic";"Yes";"86400"
"401.";"Weekly_06_Diff_46";"Game Show Gauntlet";"QuestOfTheWeek";"46";"46";"Historic";"Yes";"86400"
"402.";"Weekly_06_Diff_56";"Game Show Gauntlet";"QuestOfTheWeek";"56";"56";"Historic";"Yes";"86400"
"403.";"ThanksgvngQuestline_01_Quest_01";"Gobble Gobbler!";"EventQuest";"9";"9";"Historic";"No";"7200"
"404.";"ThanksgvngQuestline_01_Quest_02";"A Delicious Trail of Danger!";"EventQuest";"10";"10";"Industrial";"No";"12600"
"405.";"ThanksgvngQuestline_01_Quest_03";"The Last Gobble!";"EventQuest";"11";"11";"Vault";"No";"19200"
"406.";"Thanksgiving_01";"Who's Carving the Turkey?";"EventQuest";"2";"2";"Industrial";"No";"30000"
"407.";"Weekly_07_Diff_07";"Game Show Gauntlet";"QuestOfTheWeek";"7";"7";"Vault";"Yes";"54000"
"408.";"Weekly_07_Diff_17";"Game Show Gauntlet";"QuestOfTheWeek";"17";"17";"Vault";"Yes";"54000"
"409.";"Weekly_07_Diff_27";"Game Show Gauntlet";"QuestOfTheWeek";"27";"27";"Vault";"Yes";"54000"
"410.";"Weekly_07_Diff_37";"Game Show Gauntlet";"QuestOfTheWeek";"37";"37";"Vault";"Yes";"54000"
"411.";"Weekly_07_Diff_47";"Game Show Gauntlet";"QuestOfTheWeek";"47";"47";"Vault";"Yes";"54000"
"412.";"Weekly_08_Diff_09";"Game Show Gauntlet";"QuestOfTheWeek";"9";"9";"Historic";"Yes";"61200"
"413.";"Weekly_08_Diff_19";"Game Show Gauntlet";"QuestOfTheWeek";"19";"19";"Historic";"Yes";"61200"
"414.";"Weekly_08_Diff_29";"Game Show Gauntlet";"QuestOfTheWeek";"29";"29";"Historic";"Yes";"61200"
"415.";"Weekly_08_Diff_39";"Game Show Gauntlet";"QuestOfTheWeek";"39";"39";"Historic";"Yes";"61200"
"416.";"Weekly_08_Diff_49";"Game Show Gauntlet";"QuestOfTheWeek";"49";"49";"Historic";"Yes";"61200"
"417.";"Weekly_09_Diff_11";"Game Show Gauntlet";"QuestOfTheWeek";"11";"11";"Industrial";"Yes";"68400"
"418.";"Weekly_09_Diff_21";"Game Show Gauntlet";"QuestOfTheWeek";"21";"21";"Industrial";"Yes";"68400"
"419.";"Weekly_09_Diff_31";"Game Show Gauntlet";"QuestOfTheWeek";"31";"31";"Industrial";"Yes";"68400"
"420.";"Weekly_09_Diff_41";"Game Show Gauntlet";"QuestOfTheWeek";"41";"41";"Industrial";"Yes";"68400"
"421.";"Weekly_09_Diff_51";"Game Show Gauntlet";"QuestOfTheWeek";"51";"51";"Industrial";"Yes";"68400"
"422.";"Weekly_10_Diff_13";"Game Show Gauntlet";"QuestOfTheWeek";"13";"13";"Historic";"Yes";"75600"
"423.";"Weekly_10_Diff_23";"Game Show Gauntlet";"QuestOfTheWeek";"23";"23";"Historic";"Yes";"75600"
"424.";"Weekly_10_Diff_33";"Game Show Gauntlet";"QuestOfTheWeek";"33";"33";"Historic";"Yes";"75600"
"425.";"Weekly_10_Diff_43";"Game Show Gauntlet";"QuestOfTheWeek";"43";"43";"Historic";"Yes";"75600"
"426.";"Weekly_10_Diff_53";"Game Show Gauntlet";"QuestOfTheWeek";"53";"53";"Historic";"Yes";"75600"
"427.";"Weekly_11_Diff_15";"Game Show Gauntlet";"QuestOfTheWeek";"15";"15";"Cave";"Yes";"82800"
"428.";"Weekly_11_Diff_25";"Game Show Gauntlet";"QuestOfTheWeek";"25";"25";"Cave";"Yes";"82800"
"429.";"Weekly_11_Diff_35";"Game Show Gauntlet";"QuestOfTheWeek";"35";"35";"Cave";"Yes";"82800"
"430.";"Weekly_11_Diff_45";"Game Show Gauntlet";"QuestOfTheWeek";"45";"45";"Cave";"Yes";"82800"
"431.";"Weekly_11_Diff_55";"Game Show Gauntlet";"QuestOfTheWeek";"55";"55";"Cave";"Yes";"82800"
"432.";"Weekly_16_Diff_Lowest";"Vault-Tec Experiment Review";"QuestOfTheWeek";"10";"10";"Vault";"Yes";"63000"
"433.";"Weekly_16_Diff_Low";"Vault-Tec Experiment Review";"QuestOfTheWeek";"20";"20";"Vault";"Yes";"63000"
"434.";"Weekly_16_Diff_Mid";"Vault-Tec Experiment Review";"QuestOfTheWeek";"30";"30";"Vault";"Yes";"63000"
"435.";"Weekly_16_Diff_High";"Vault-Tec Experiment Review";"QuestOfTheWeek";"40";"40";"Vault";"Yes";"63000"
"436.";"Weekly_16_Diff_Highest";"Vault-Tec Experiment Review";"QuestOfTheWeek";"50";"50";"Vault";"Yes";"63000"
"437.";"Weekly_17_Diff_Lowest";"Vault-Tec Experiment Review";"QuestOfTheWeek";"11";"11";"Vault";"Yes";"66600"
"438.";"Weekly_17_Diff_Low";"Vault-Tec Experiment Review";"QuestOfTheWeek";"21";"21";"Vault";"Yes";"66600"
"439.";"Weekly_17_Diff_Mid";"Vault-Tec Experiment Review";"QuestOfTheWeek";"31";"31";"Vault";"Yes";"66600"
"440.";"Weekly_17_Diff_High";"Vault-Tec Experiment Review";"QuestOfTheWeek";"41";"41";"Vault";"Yes";"66600"
"441.";"Weekly_17_Diff_Highest";"Vault-Tec Experiment Review";"QuestOfTheWeek";"51";"51";"Vault";"Yes";"66600"
"442.";"Weekly_13_Diff_Lowest";"Vault-Tec Experiment Review";"QuestOfTheWeek";"12";"12";"Vault";"Yes";"70200"
"443.";"Weekly_13_Diff_Low";"Vault-Tec Experiment Review";"QuestOfTheWeek";"22";"22";"Vault";"Yes";"70200"
"444.";"Weekly_13_Diff_Mid";"Vault-Tec Experiment Review";"QuestOfTheWeek";"32";"32";"Vault";"Yes";"70200"
"445.";"Weekly_13_Diff_High";"Vault-Tec Experiment Review";"QuestOfTheWeek";"42";"42";"Vault";"Yes";"70200"
"446.";"Weekly_13_Diff_Highest";"Vault-Tec Experiment Review";"QuestOfTheWeek";"52";"52";"Vault";"Yes";"70200"
"447.";"Weekly_14_Diff_Lowest";"Vault-Tec Experiment Review";"QuestOfTheWeek";"13";"13";"Vault";"Yes";"73800"
"448.";"Weekly_14_Diff_Low";"Vault-Tec Experiment Review";"QuestOfTheWeek";"23";"23";"Vault";"Yes";"73800"
"449.";"Weekly_14_Diff_Mid";"Vault-Tec Experiment Review";"QuestOfTheWeek";"33";"33";"Vault";"Yes";"73800"
"450.";"Weekly_14_Diff_High";"Vault-Tec Experiment Review";"QuestOfTheWeek";"43";"43";"Vault";"Yes";"73800"
"451.";"Weekly_14_Diff_Highest";"Vault-Tec Experiment Review";"QuestOfTheWeek";"53";"53";"Vault";"Yes";"73800"
"452.";"Weekly_12_Diff_Lowest";"Vault-Tec Experiment Review";"QuestOfTheWeek";"14";"14";"Vault";"Yes";"77400"
"453.";"Weekly_12_Diff_Low";"Vault-Tec Experiment Review";"QuestOfTheWeek";"24";"24";"Vault";"Yes";"77400"
"454.";"Weekly_12_Diff_Mid";"Vault-Tec Experiment Review";"QuestOfTheWeek";"34";"34";"Vault";"Yes";"77400"
"455.";"Weekly_12_Diff_High";"Vault-Tec Experiment Review";"QuestOfTheWeek";"44";"44";"Vault";"Yes";"77400"
"456.";"Weekly_12_Diff_Highest";"Vault-Tec Experiment Review";"QuestOfTheWeek";"54";"54";"Vault";"Yes";"77400"
"457.";"Weekly_15_Diff_Lowest";"Vault-Tec Experiment Review";"QuestOfTheWeek";"15";"15";"Vault";"Yes";"81000"
"458.";"Weekly_15_Diff_Low";"Vault-Tec Experiment Review";"QuestOfTheWeek";"25";"25";"Vault";"Yes";"81000"
"459.";"Weekly_15_Diff_Mid";"Vault-Tec Experiment Review";"QuestOfTheWeek";"35";"35";"Vault";"Yes";"81000"
"460.";"Weekly_15_Diff_High";"Vault-Tec Experiment Review";"QuestOfTheWeek";"45";"45";"Vault";"Yes";"81000"
"461.";"Weekly_15_Diff_Highest";"Vault-Tec Experiment Review";"QuestOfTheWeek";"55";"55";"Vault";"Yes";"81000"
"462.";"Standalone_40";"Honeymoon Horror";"StandardQuest";"26";"26";"Cave";"No";"62100"
"463.";"Daily_29_Diff_Lowest";"Spelun-King Training";"QuestOfTheDay";"13";"13";"Cave";"Yes";"8100"
"464.";"Daily_29_Diff_Low";"Spelun-King Training";"QuestOfTheDay";"23";"23";"Cave";"Yes";"8100"
"465.";"Daily_29_Diff_Mid";"Spelun-King Training";"QuestOfTheDay";"33";"33";"Cave";"Yes";"8100"
"466.";"Daily_29_Diff_High";"Spelun-King Training";"QuestOfTheDay";"43";"43";"Cave";"Yes";"8100"
"467.";"Daily_29_Diff_Highest";"Spelun-King Training";"QuestOfTheDay";"53";"53";"Cave";"Yes";"8100"
"468.";"Daily_30_Diff_Lowest";"Spelun-King Training";"QuestOfTheDay";"14";"14";"Cave";"Yes";"9900"
"469.";"Daily_30_Diff_Low";"Spelun-King Training";"QuestOfTheDay";"24";"24";"Cave";"Yes";"9900"
"470.";"Daily_30_Diff_Mid";"Spelun-King Training";"QuestOfTheDay";"34";"34";"Cave";"Yes";"9900"
"471.";"Daily_30_Diff_High";"Spelun-King Training";"QuestOfTheDay";"44";"44";"Cave";"Yes";"9900"
"472.";"Daily_30_Diff_Highest";"Spelun-King Training";"QuestOfTheDay";"54";"54";"Cave";"Yes";"9900"
"473.";"Daily_31_Diff_Lowest";"Spelun-King Training";"QuestOfTheDay";"8";"8";"Cave";"Yes";"11700"
"474.";"Daily_31_Diff_Low";"Spelun-King Training";"QuestOfTheDay";"18";"18";"Cave";"Yes";"11700"
"475.";"Daily_31_Diff_Mid";"Spelun-King Training";"QuestOfTheDay";"28";"28";"Cave";"Yes";"11700"
"476.";"Daily_31_Diff_High";"Spelun-King Training";"QuestOfTheDay";"38";"38";"Cave";"Yes";"11700"
"477.";"Daily_31_Diff_Highest";"Spelun-King Training";"QuestOfTheDay";"48";"48";"Cave";"Yes";"11700"
"478.";"Daily_32_Diff_Lowest";"Spelun-King Training";"QuestOfTheDay";"12";"12";"Cave";"Yes";"13500"
"479.";"Daily_32_Diff_Low";"Spelun-King Training";"QuestOfTheDay";"22";"22";"Cave";"Yes";"13500"
"480.";"Daily_32_Diff_Mid";"Spelun-King Training";"QuestOfTheDay";"32";"32";"Cave";"Yes";"13500"
"481.";"Daily_32_Diff_High";"Spelun-King Training";"QuestOfTheDay";"42";"42";"Cave";"Yes";"13500"
"482.";"Daily_32_Diff_Highest";"Spelun-King Training";"QuestOfTheDay";"52";"52";"Cave";"Yes";"13500"
"483.";"Daily_33_Diff_Lowest";"Spelun-King Training";"QuestOfTheDay";"6";"6";"Cave";"Yes";"15300"
"484.";"Daily_33_Diff_Low";"Spelun-King Training";"QuestOfTheDay";"16";"16";"Cave";"Yes";"15300"
"485.";"Daily_33_Diff_Mid";"Spelun-King Training";"QuestOfTheDay";"26";"26";"Cave";"Yes";"15300"
"486.";"Daily_33_Diff_High";"Spelun-King Training";"QuestOfTheDay";"36";"36";"Cave";"Yes";"15300"
"487.";"Daily_33_Diff_Highest";"Spelun-King Training";"QuestOfTheDay";"46";"46";"Cave";"Yes";"15300"
"488.";"Daily_34_Diff_Lowest";"Spelun-King Training";"QuestOfTheDay";"15";"15";"Cave";"Yes";"17100"
"489.";"Daily_34_Diff_Low";"Spelun-King Training";"QuestOfTheDay";"25";"25";"Cave";"Yes";"17100"
"490.";"Daily_34_Diff_Mid";"Spelun-King Training";"QuestOfTheDay";"35";"35";"Cave";"Yes";"17100"
"491.";"Daily_34_Diff_High";"Spelun-King Training";"QuestOfTheDay";"45";"45";"Cave";"Yes";"17100"
"492.";"Daily_34_Diff_Highest";"Spelun-King Training";"QuestOfTheDay";"55";"55";"Cave";"Yes";"17100"
"493.";"Daily_35_Diff_Lowest";"Spelun-King Training";"QuestOfTheDay";"10";"10";"Cave";"Yes";"18900"
"494.";"Daily_35_Diff_Low";"Spelun-King Training";"QuestOfTheDay";"20";"20";"Cave";"Yes";"18900"
"495.";"Daily_35_Diff_Mid";"Spelun-King Training";"QuestOfTheDay";"30";"30";"Cave";"Yes";"18900"
"496.";"Daily_35_Diff_High";"Spelun-King Training";"QuestOfTheDay";"40";"40";"Cave";"Yes";"18900"
"497.";"Daily_35_Diff_Highest";"Spelun-King Training";"QuestOfTheDay";"50";"50";"Cave";"Yes";"18900"
"498.";"MajorQuestline_03_Quest_01";"Radroach Roundup";"QuestlineQuest";"17";"17";"Industrial";"No";"3600"
"499.";"MajorQuestline_03_Quest_02";"Undercover Operations";"QuestlineQuest";"18";"18";"Vault";"No";"9900"
"500.";"MajorQuestline_03_Quest_03";"Dogs of War";"QuestlineQuest";"19";"19";"Historic";"No";"16200"
"501.";"MajorQuestline_03_Quest_04";"Springing the Trap";"QuestlineQuest";"20";"20";"Cave";"No";"9900"
"502.";"MajorQuestline_03_Quest_05";"Beat Reporting";"QuestlineQuest";"20";"20";"Historic";"No";"18000"
"503.";"MajorQuestline_03_Quest_06";"Matters to Settle";"QuestlineQuest";"21";"21";"Industrial";"No";"26100"
"504.";"Daily_03_Diff_10_A";"Junk Run";"QuestOfTheDay";"11";"11";"Industrial";"Yes";"14400"
"505.";"Daily_03_Diff_20_A";"Junk Run";"QuestOfTheDay";"22";"22";"Industrial";"Yes";"14400"
"506.";"Daily_03_Diff_30_A";"Junk Run";"QuestOfTheDay";"33";"33";"Industrial";"Yes";"14400"
"507.";"Daily_03_Diff_40_A";"Junk Run";"QuestOfTheDay";"44";"44";"Industrial";"Yes";"14400"
"508.";"Daily_03_Diff_50_A";"Junk Run";"QuestOfTheDay";"50";"50";"Industrial";"Yes";"14400"
"509.";"Daily_03_Diff_10_B";"Junk Run";"QuestOfTheDay";"11";"11";"Historic";"Yes";"14400"
"510.";"Daily_03_Diff_20_B";"Junk Run";"QuestOfTheDay";"22";"22";"Historic";"Yes";"14400"
"511.";"Daily_03_Diff_30_B";"Junk Run";"QuestOfTheDay";"33";"33";"Historic";"Yes";"14400"
"512.";"Daily_03_Diff_40_B";"Junk Run";"QuestOfTheDay";"44";"44";"Historic";"Yes";"14400"
"513.";"Daily_03_Diff_50_B";"Junk Run";"QuestOfTheDay";"50";"50";"Historic";"Yes";"14400"
"514.";"Daily_03_Diff_10_C";"Junk Run";"QuestOfTheDay";"11";"11";"Cave";"Yes";"14400"
"515.";"Daily_03_Diff_20_C";"Junk Run";"QuestOfTheDay";"22";"22";"Cave";"Yes";"14400"
"516.";"Daily_03_Diff_30_C";"Junk Run";"QuestOfTheDay";"33";"33";"Cave";"Yes";"14400"
"517.";"Daily_03_Diff_40_C";"Junk Run";"QuestOfTheDay";"44";"44";"Cave";"Yes";"14400"
"518.";"Daily_03_Diff_50_C";"Junk Run";"QuestOfTheDay";"50";"50";"Cave";"Yes";"14400"
"519.";"Daily_04_Diff_10_A";"Caps Run";"QuestOfTheDay";"11";"11";"Historic";"Yes";"14400"
"520.";"Daily_04_Diff_20_A";"Caps Run";"QuestOfTheDay";"22";"22";"Historic";"Yes";"14400"
"521.";"Daily_04_Diff_30_A";"Caps Run";"QuestOfTheDay";"33";"33";"Historic";"Yes";"14400"
"522.";"Daily_04_Diff_40_A";"Caps Run";"QuestOfTheDay";"44";"44";"Historic";"Yes";"14400"
"523.";"Daily_04_Diff_50_A";"Caps Run";"QuestOfTheDay";"50";"50";"Historic";"Yes";"14400"
"524.";"Daily_04_Diff_10_B";"Caps Run";"QuestOfTheDay";"11";"11";"Industrial";"Yes";"14400"
"525.";"Daily_04_Diff_20_B";"Caps Run";"QuestOfTheDay";"22";"22";"Industrial";"Yes";"14400"
"526.";"Daily_04_Diff_30_B";"Caps Run";"QuestOfTheDay";"33";"33";"Industrial";"Yes";"14400"
"527.";"Daily_04_Diff_40_B";"Caps Run";"QuestOfTheDay";"44";"44";"Industrial";"Yes";"14400"
"528.";"Daily_04_Diff_50_B";"Caps Run";"QuestOfTheDay";"50";"50";"Industrial";"Yes";"14400"
"529.";"Daily_04_Diff_10_C";"Caps Run";"QuestOfTheDay";"11";"11";"Vault";"Yes";"14400"
"530.";"Daily_04_Diff_20_C";"Caps Run";"QuestOfTheDay";"22";"22";"Vault";"Yes";"14400"
"531.";"Daily_04_Diff_30_C";"Caps Run";"QuestOfTheDay";"33";"33";"Vault";"Yes";"14400"
"532.";"Daily_04_Diff_40_C";"Caps Run";"QuestOfTheDay";"44";"44";"Vault";"Yes";"14400"
"533.";"Daily_04_Diff_50_C";"Caps Run";"QuestOfTheDay";"50";"50";"Vault";"Yes";"14400"
"534.";"Daily_05_Diff_10_A";"Rescue Operation";"QuestOfTheDay";"11";"11";"Industrial";"Yes";"14400"
"535.";"Daily_05_Diff_20_A";"Rescue Operation";"QuestOfTheDay";"22";"22";"Industrial";"Yes";"14400"
"536.";"Daily_05_Diff_30_A";"Rescue Operation";"QuestOfTheDay";"33";"33";"Industrial";"Yes";"14400"
"537.";"Daily_05_Diff_40_A";"Rescue Operation";"QuestOfTheDay";"44";"44";"Industrial";"Yes";"14400"
"538.";"Daily_05_Diff_50_A";"Rescue Operation";"QuestOfTheDay";"50";"50";"Industrial";"Yes";"14400"
"539.";"Daily_05_Diff_10_B";"Rescue Operation";"QuestOfTheDay";"11";"11";"Historic";"Yes";"14400"
"540.";"Daily_05_Diff_20_B";"Rescue Operation";"QuestOfTheDay";"22";"22";"Historic";"Yes";"14400"
"541.";"Daily_05_Diff_30_B";"Rescue Operation";"QuestOfTheDay";"33";"33";"Historic";"Yes";"14400"
"542.";"Daily_05_Diff_40_B";"Rescue Operation";"QuestOfTheDay";"44";"44";"Historic";"Yes";"14400"
"543.";"Daily_05_Diff_50_B";"Rescue Operation";"QuestOfTheDay";"50";"50";"Historic";"Yes";"14400"
"544.";"Daily_05_Diff_10_C";"Rescue Operation";"QuestOfTheDay";"11";"11";"Vault";"Yes";"14400"
"545.";"Daily_05_Diff_20_C";"Rescue Operation";"QuestOfTheDay";"22";"22";"Vault";"Yes";"14400"
"546.";"Daily_05_Diff_30_C";"Rescue Operation";"QuestOfTheDay";"33";"33";"Vault";"Yes";"14400"
"547.";"Daily_05_Diff_40_C";"Rescue Operation";"QuestOfTheDay";"44";"44";"Vault";"Yes";"14400"
"548.";"Daily_05_Diff_50_C";"Rescue Operation";"QuestOfTheDay";"50";"50";"Vault";"Yes";"14400"
"549.";"Daily_06_Diff_10_A";"Lunchbox Run";"QuestOfTheDay";"11";"11";"Historic";"Yes";"14400"
"550.";"Daily_06_Diff_20_A";"Lunchbox Run";"QuestOfTheDay";"22";"22";"Historic";"Yes";"14400"
"551.";"Daily_06_Diff_30_A";"Lunchbox Run";"QuestOfTheDay";"33";"33";"Historic";"Yes";"14400"
"552.";"Daily_06_Diff_40_A";"Lunchbox Run";"QuestOfTheDay";"44";"44";"Historic";"Yes";"14400"
"553.";"Daily_06_Diff_50_A";"Lunchbox Run";"QuestOfTheDay";"50";"50";"Historic";"Yes";"14400"
"554.";"Daily_06_Diff_10_B";"Lunchbox Run";"QuestOfTheDay";"11";"11";"Industrial";"Yes";"14400"
"555.";"Daily_06_Diff_20_B";"Lunchbox Run";"QuestOfTheDay";"22";"22";"Industrial";"Yes";"14400"
"556.";"Daily_06_Diff_30_B";"Lunchbox Run";"QuestOfTheDay";"33";"33";"Industrial";"Yes";"14400"
"557.";"Daily_06_Diff_40_B";"Lunchbox Run";"QuestOfTheDay";"44";"44";"Industrial";"Yes";"14400"
"558.";"Daily_06_Diff_50_B";"Lunchbox Run";"QuestOfTheDay";"50";"50";"Industrial";"Yes";"14400"
"559.";"Daily_06_Diff_10_C";"Lunchbox Run";"QuestOfTheDay";"11";"11";"Vault";"Yes";"14400"
"560.";"Daily_06_Diff_20_C";"Lunchbox Run";"QuestOfTheDay";"22";"22";"Vault";"Yes";"14400"
"561.";"Daily_06_Diff_30_C";"Lunchbox Run";"QuestOfTheDay";"33";"33";"Vault";"Yes";"14400"
"562.";"Daily_06_Diff_40_C";"Lunchbox Run";"QuestOfTheDay";"44";"44";"Vault";"Yes";"14400"
"563.";"Daily_06_Diff_50_C";"Lunchbox Run";"QuestOfTheDay";"50";"50";"Vault";"Yes";"14400"
"564.";"Daily_07_Diff_10_A";"Nuka-Cola Quantum Run";"QuestOfTheDay";"11";"11";"Industrial";"Yes";"14400"
"565.";"Daily_07_Diff_20_A";"Nuka-Cola Quantum Run";"QuestOfTheDay";"22";"22";"Industrial";"Yes";"14400"
"566.";"Daily_07_Diff_30_A";"Nuka-Cola Quantum Run";"QuestOfTheDay";"33";"33";"Industrial";"Yes";"14400"
"567.";"Daily_07_Diff_40_A";"Nuka-Cola Quantum Run";"QuestOfTheDay";"44";"44";"Industrial";"Yes";"14400"
"568.";"Daily_07_Diff_50_A";"Nuka-Cola Quantum Run";"QuestOfTheDay";"50";"50";"Industrial";"Yes";"14400"
"569.";"Daily_07_Diff_10_B";"Nuka-Cola Quantum Run";"QuestOfTheDay";"11";"11";"Historic";"Yes";"14400"
"570.";"Daily_07_Diff_20_B";"Nuka-Cola Quantum Run";"QuestOfTheDay";"22";"22";"Historic";"Yes";"14400"
"571.";"Daily_07_Diff_30_B";"Nuka-Cola Quantum Run";"QuestOfTheDay";"33";"33";"Historic";"Yes";"14400"
"572.";"Daily_07_Diff_40_B";"Nuka-Cola Quantum Run";"QuestOfTheDay";"44";"44";"Historic";"Yes";"14400"
"573.";"Daily_07_Diff_50_B";"Nuka-Cola Quantum Run";"QuestOfTheDay";"50";"50";"Historic";"Yes";"14400"
"574.";"Daily_07_Diff_10_C";"Nuka-Cola Quantum Run";"QuestOfTheDay";"11";"11";"Cave";"Yes";"14400"
"575.";"Daily_07_Diff_20_C";"Nuka-Cola Quantum Run";"QuestOfTheDay";"22";"22";"Cave";"Yes";"14400"
"576.";"Daily_07_Diff_30_C";"Nuka-Cola Quantum Run";"QuestOfTheDay";"33";"33";"Cave";"Yes";"14400"
"577.";"Daily_07_Diff_40_C";"Nuka-Cola Quantum Run";"QuestOfTheDay";"44";"44";"Cave";"Yes";"14400"
"578.";"Daily_07_Diff_50_C";"Nuka-Cola Quantum Run";"QuestOfTheDay";"50";"50";"Cave";"Yes";"14400"
"579.";"Daily_08_Diff_10_A";"Animal Rescue";"StandardQuest";"11";"11";"Historic";"No";"14400"
"580.";"Daily_08_Diff_20_A";"Animal Rescue";"StandardQuest";"22";"22";"Historic";"No";"14400"
"581.";"Daily_08_Diff_30_A";"Animal Rescue";"StandardQuest";"33";"33";"Historic";"No";"14400"
"582.";"Daily_08_Diff_40_A";"Animal Rescue";"StandardQuest";"44";"44";"Historic";"No";"14400"
"583.";"Daily_08_Diff_50_A";"Animal Rescue";"StandardQuest";"50";"50";"Historic";"No";"14400"
"584.";"Daily_08_Diff_10_B";"Animal Rescue";"StandardQuest";"11";"11";"Industrial";"No";"14400"
"585.";"Daily_08_Diff_20_B";"Animal Rescue";"StandardQuest";"22";"22";"Industrial";"No";"14400"
"586.";"Daily_08_Diff_30_B";"Animal Rescue";"StandardQuest";"33";"33";"Industrial";"No";"14400"
"587.";"Daily_08_Diff_40_B";"Animal Rescue";"StandardQuest";"44";"44";"Industrial";"No";"14400"
"588.";"Daily_08_Diff_50_B";"Animal Rescue";"StandardQuest";"50";"50";"Industrial";"No";"14400"
"589.";"Daily_08_Diff_10_C";"Animal Rescue";"StandardQuest";"11";"11";"Vault";"No";"14400"
"590.";"Daily_08_Diff_20_C";"Animal Rescue";"StandardQuest";"22";"22";"Vault";"No";"14400"
"591.";"Daily_08_Diff_30_C";"Animal Rescue";"StandardQuest";"33";"33";"Vault";"No";"14400"
"592.";"Daily_08_Diff_40_C";"Animal Rescue";"StandardQuest";"44";"44";"Vault";"No";"14400"
"593.";"Daily_08_Diff_50_C";"Animal Rescue";"StandardQuest";"50";"50";"Vault";"No";"14400"
"594.";"Daily_09_Diff_10_A";"Robot Retrieval";"StandardQuest";"11";"11";"Industrial";"No";"14400"
"595.";"Daily_09_Diff_20_A";"Robot Retrieval";"StandardQuest";"22";"22";"Industrial";"No";"14400"
"596.";"Daily_09_Diff_30_A";"Robot Retrieval";"StandardQuest";"33";"33";"Industrial";"No";"14400"
"597.";"Daily_09_Diff_40_A";"Robot Retrieval";"StandardQuest";"44";"44";"Industrial";"No";"14400"
"598.";"Daily_09_Diff_50_A";"Robot Retrieval";"StandardQuest";"50";"50";"Industrial";"No";"14400"
"599.";"Daily_09_Diff_10_B";"Robot Retrieval";"StandardQuest";"11";"11";"Historic";"No";"14400"
"600.";"Daily_09_Diff_20_B";"Robot Retrieval";"StandardQuest";"22";"22";"Historic";"No";"14400"
"601.";"Daily_09_Diff_30_B";"Robot Retrieval";"StandardQuest";"33";"33";"Historic";"No";"14400"
"602.";"Daily_09_Diff_40_B";"Robot Retrieval";"StandardQuest";"44";"44";"Historic";"No";"14400"
"603.";"Daily_09_Diff_50_B";"Robot Retrieval";"StandardQuest";"50";"50";"Historic";"No";"14400"
"604.";"Daily_09_Diff_10_C";"Robot Retrieval";"StandardQuest";"11";"11";"Vault";"No";"14400"
"605.";"Daily_09_Diff_20_C";"Robot Retrieval";"StandardQuest";"22";"22";"Vault";"No";"14400"
"606.";"Daily_09_Diff_30_C";"Robot Retrieval";"StandardQuest";"33";"33";"Vault";"No";"14400"
"607.";"Daily_09_Diff_40_C";"Robot Retrieval";"StandardQuest";"44";"44";"Vault";"No";"14400"
"608.";"Daily_09_Diff_50_C";"Robot Retrieval";"StandardQuest";"50";"50";"Vault";"No";"14400"
"609.";"Daily_10_Diff_10_A";"Guardian of the Wastes: Radroaches!";"QuestOfTheDay";"11";"11";"Historic";"Yes";"14400"
"610.";"Daily_10_Diff_20_A";"Guardian of the Wastes: Radroaches!";"QuestOfTheDay";"22";"22";"Historic";"Yes";"14400"
"611.";"Daily_10_Diff_30_A";"Guardian of the Wastes: Radroaches!";"QuestOfTheDay";"33";"33";"Historic";"Yes";"14400"
"612.";"Daily_10_Diff_40_A";"Guardian of the Wastes: Radroaches!";"QuestOfTheDay";"44";"44";"Historic";"Yes";"14400"
"613.";"Daily_10_Diff_50_A";"Guardian of the Wastes: Radroaches!";"QuestOfTheDay";"50";"50";"Historic";"Yes";"14400"
"614.";"Daily_10_Diff_10_B";"Guardian of the Wastes: Radroaches!";"QuestOfTheDay";"11";"11";"Industrial";"Yes";"14400"
"615.";"Daily_10_Diff_20_B";"Guardian of the Wastes: Radroaches!";"QuestOfTheDay";"22";"22";"Industrial";"Yes";"14400"
"616.";"Daily_10_Diff_30_B";"Guardian of the Wastes: Radroaches!";"QuestOfTheDay";"33";"33";"Industrial";"Yes";"14400"
"617.";"Daily_10_Diff_40_B";"Guardian of the Wastes: Radroaches!";"QuestOfTheDay";"44";"44";"Industrial";"Yes";"14400"
"618.";"Daily_10_Diff_50_B";"Guardian of the Wastes: Radroaches!";"QuestOfTheDay";"50";"50";"Industrial";"Yes";"14400"
"619.";"Daily_10_Diff_10_C";"Guardian of the Wastes: Radroaches!";"QuestOfTheDay";"11";"11";"Vault";"Yes";"14400"
"620.";"Daily_10_Diff_20_C";"Guardian of the Wastes: Radroaches!";"QuestOfTheDay";"22";"22";"Vault";"Yes";"14400"
"621.";"Daily_10_Diff_30_C";"Guardian of the Wastes: Radroaches!";"QuestOfTheDay";"33";"33";"Vault";"Yes";"14400"
"622.";"Daily_10_Diff_40_C";"Guardian of the Wastes: Radroaches!";"QuestOfTheDay";"44";"44";"Vault";"Yes";"14400"
"623.";"Daily_10_Diff_50_C";"Guardian of the Wastes: Radroaches!";"QuestOfTheDay";"50";"50";"Vault";"Yes";"14400"
"624.";"Daily_11_Diff_10_A";"Guardian of the Wastes: Mole Rats!";"QuestOfTheDay";"11";"11";"Industrial";"Yes";"14400"
"625.";"Daily_11_Diff_20_A";"Guardian of the Wastes: Mole Rats!";"QuestOfTheDay";"22";"22";"Industrial";"Yes";"14400"
"626.";"Daily_11_Diff_30_A";"Guardian of the Wastes: Mole Rats!";"QuestOfTheDay";"33";"33";"Industrial";"Yes";"14400"
"627.";"Daily_11_Diff_40_A";"Guardian of the Wastes: Mole Rats!";"QuestOfTheDay";"44";"44";"Industrial";"Yes";"14400"
"628.";"Daily_11_Diff_50_A";"Guardian of the Wastes: Mole Rats!";"QuestOfTheDay";"50";"50";"Industrial";"Yes";"14400"
"629.";"Daily_11_Diff_10_B";"Guardian of the Wastes: Mole Rats!";"QuestOfTheDay";"11";"11";"Historic";"Yes";"14400"
"630.";"Daily_11_Diff_20_B";"Guardian of the Wastes: Mole Rats!";"QuestOfTheDay";"22";"22";"Historic";"Yes";"14400"
"631.";"Daily_11_Diff_30_B";"Guardian of the Wastes: Mole Rats!";"QuestOfTheDay";"33";"33";"Historic";"Yes";"14400"
"632.";"Daily_11_Diff_40_B";"Guardian of the Wastes: Mole Rats!";"QuestOfTheDay";"44";"44";"Historic";"Yes";"14400"
"633.";"Daily_11_Diff_50_B";"Guardian of the Wastes: Mole Rats!";"QuestOfTheDay";"50";"50";"Historic";"Yes";"14400"
"634.";"Daily_11_Diff_10_C";"Guardian of the Wastes: Mole Rats!";"QuestOfTheDay";"11";"11";"Vault";"Yes";"14400"
"635.";"Daily_11_Diff_20_C";"Guardian of the Wastes: Mole Rats!";"QuestOfTheDay";"22";"22";"Vault";"Yes";"14400"
"636.";"Daily_11_Diff_30_C";"Guardian of the Wastes: Mole Rats!";"QuestOfTheDay";"33";"33";"Vault";"Yes";"14400"
"637.";"Daily_11_Diff_40_C";"Guardian of the Wastes: Mole Rats!";"QuestOfTheDay";"44";"44";"Vault";"Yes";"14400"
"638.";"Daily_11_Diff_50_C";"Guardian of the Wastes: Mole Rats!";"QuestOfTheDay";"50";"50";"Vault";"Yes";"14400"
"639.";"Daily_12_Diff_10_A";"Guardian of the Wastes: Feral Ghouls!";"QuestOfTheDay";"11";"11";"Historic";"Yes";"14400"
"640.";"Daily_12_Diff_20_A";"Guardian of the Wastes: Feral Ghouls!";"QuestOfTheDay";"22";"22";"Historic";"Yes";"14400"
"641.";"Daily_12_Diff_30_A";"Guardian of the Wastes: Feral Ghouls!";"QuestOfTheDay";"33";"33";"Historic";"Yes";"14400"
"642.";"Daily_12_Diff_40_A";"Guardian of the Wastes: Feral Ghouls!";"QuestOfTheDay";"44";"44";"Historic";"Yes";"14400"
"643.";"Daily_12_Diff_50_A";"Guardian of the Wastes: Feral Ghouls!";"QuestOfTheDay";"50";"50";"Historic";"Yes";"14400"
"644.";"Daily_12_Diff_10_B";"Guardian of the Wastes: Feral Ghouls!";"QuestOfTheDay";"11";"11";"Industrial";"Yes";"14400"
"645.";"Daily_12_Diff_20_B";"Guardian of the Wastes: Feral Ghouls!";"QuestOfTheDay";"22";"22";"Industrial";"Yes";"14400"
"646.";"Daily_12_Diff_30_B";"Guardian of the Wastes: Feral Ghouls!";"QuestOfTheDay";"33";"33";"Industrial";"Yes";"14400"
"647.";"Daily_12_Diff_40_B";"Guardian of the Wastes: Feral Ghouls!";"QuestOfTheDay";"44";"44";"Industrial";"Yes";"14400"
"648.";"Daily_12_Diff_50_B";"Guardian of the Wastes: Feral Ghouls!";"QuestOfTheDay";"50";"50";"Industrial";"Yes";"14400"
"649.";"Daily_12_Diff_10_C";"Guardian of the Wastes: Feral Ghouls!";"QuestOfTheDay";"11";"11";"Cave";"Yes";"14400"
"650.";"Daily_12_Diff_20_C";"Guardian of the Wastes: Feral Ghouls!";"QuestOfTheDay";"22";"22";"Cave";"Yes";"14400"
"651.";"Daily_12_Diff_30_C";"Guardian of the Wastes: Feral Ghouls!";"QuestOfTheDay";"33";"33";"Cave";"Yes";"14400"
"652.";"Daily_12_Diff_40_C";"Guardian of the Wastes: Feral Ghouls!";"QuestOfTheDay";"44";"44";"Cave";"Yes";"14400"
"653.";"Daily_12_Diff_50_C";"Guardian of the Wastes: Feral Ghouls!";"QuestOfTheDay";"50";"50";"Cave";"Yes";"14400"
"654.";"Daily_13_Diff_10_A";"Guardian of the Wastes: Radscorpions!";"QuestOfTheDay";"11";"11";"Industrial";"Yes";"14400"
"655.";"Daily_13_Diff_20_A";"Guardian of the Wastes: Radscorpions!";"QuestOfTheDay";"22";"22";"Industrial";"Yes";"14400"
"656.";"Daily_13_Diff_30_A";"Guardian of the Wastes: Radscorpions!";"QuestOfTheDay";"33";"33";"Industrial";"Yes";"14400"
"657.";"Daily_13_Diff_40_A";"Guardian of the Wastes: Radscorpions!";"QuestOfTheDay";"44";"44";"Industrial";"Yes";"14400"
"658.";"Daily_13_Diff_50_A";"Guardian of the Wastes: Radscorpions!";"QuestOfTheDay";"50";"50";"Industrial";"Yes";"14400"
"659.";"Daily_13_Diff_10_B";"Guardian of the Wastes: Radscorpions!";"QuestOfTheDay";"11";"11";"Historic";"Yes";"14400"
"660.";"Daily_13_Diff_20_B";"Guardian of the Wastes: Radscorpions!";"QuestOfTheDay";"22";"22";"Historic";"Yes";"14400"
"661.";"Daily_13_Diff_30_B";"Guardian of the Wastes: Radscorpions!";"QuestOfTheDay";"33";"33";"Historic";"Yes";"14400"
"662.";"Daily_13_Diff_40_B";"Guardian of the Wastes: Radscorpions!";"QuestOfTheDay";"44";"44";"Historic";"Yes";"14400"
"663.";"Daily_13_Diff_50_B";"Guardian of the Wastes: Radscorpions!";"QuestOfTheDay";"50";"50";"Historic";"Yes";"14400"
"664.";"Daily_13_Diff_10_C";"Guardian of the Wastes: Radscorpions!";"QuestOfTheDay";"11";"11";"Vault";"Yes";"14400"
"665.";"Daily_13_Diff_20_C";"Guardian of the Wastes: Radscorpions!";"QuestOfTheDay";"22";"22";"Vault";"Yes";"14400"
"666.";"Daily_13_Diff_30_C";"Guardian of the Wastes: Radscorpions!";"QuestOfTheDay";"33";"33";"Vault";"Yes";"14400"
"667.";"Daily_13_Diff_40_C";"Guardian of the Wastes: Radscorpions!";"QuestOfTheDay";"44";"44";"Vault";"Yes";"14400"
"668.";"Daily_13_Diff_50_C";"Guardian of the Wastes: Radscorpions!";"QuestOfTheDay";"50";"50";"Vault";"Yes";"14400"
"669.";"Daily_14_Diff_10_A";"Guardian of the Wastes: Deathclaws!";"QuestOfTheDay";"11";"11";"Historic";"Yes";"14400"
"670.";"Daily_14_Diff_20_A";"Guardian of the Wastes: Deathclaws!";"QuestOfTheDay";"22";"22";"Historic";"Yes";"14400"
"671.";"Daily_14_Diff_30_A";"Guardian of the Wastes: Deathclaws!";"QuestOfTheDay";"33";"33";"Historic";"Yes";"14400"
"672.";"Daily_14_Diff_40_A";"Guardian of the Wastes: Deathclaws!";"QuestOfTheDay";"44";"44";"Historic";"Yes";"14400"
"673.";"Daily_14_Diff_50_A";"Guardian of the Wastes: Deathclaws!";"QuestOfTheDay";"50";"50";"Historic";"Yes";"14400"
"674.";"Daily_14_Diff_10_B";"Guardian of the Wastes: Deathclaws!";"QuestOfTheDay";"11";"11";"Industrial";"Yes";"14400"
"675.";"Daily_14_Diff_20_B";"Guardian of the Wastes: Deathclaws!";"QuestOfTheDay";"22";"22";"Industrial";"Yes";"14400"
"676.";"Daily_14_Diff_30_B";"Guardian of the Wastes: Deathclaws!";"QuestOfTheDay";"33";"33";"Industrial";"Yes";"14400"
"677.";"Daily_14_Diff_40_B";"Guardian of the Wastes: Deathclaws!";"QuestOfTheDay";"44";"44";"Industrial";"Yes";"14400"
"678.";"Daily_14_Diff_50_B";"Guardian of the Wastes: Deathclaws!";"QuestOfTheDay";"50";"50";"Industrial";"Yes";"14400"
"679.";"Daily_14_Diff_10_C";"Guardian of the Wastes: Deathclaws!";"QuestOfTheDay";"11";"11";"Cave";"Yes";"14400"
"680.";"Daily_14_Diff_20_C";"Guardian of the Wastes: Deathclaws!";"QuestOfTheDay";"22";"22";"Cave";"Yes";"14400"
"681.";"Daily_14_Diff_30_C";"Guardian of the Wastes: Deathclaws!";"QuestOfTheDay";"33";"33";"Cave";"Yes";"14400"
"682.";"Daily_14_Diff_40_C";"Guardian of the Wastes: Deathclaws!";"QuestOfTheDay";"44";"44";"Cave";"Yes";"14400"
"683.";"Daily_14_Diff_50_C";"Guardian of the Wastes: Deathclaws!";"QuestOfTheDay";"50";"50";"Cave";"Yes";"14400"
"684.";"RedRocket_02_Diff_10";"Pest Control";"QuestSurprise";"5";"5";"RedRocket";"Yes";"0"
"685.";"RedRocket_02_Diff_20";"Pest Control";"QuestSurprise";"13";"13";"RedRocket";"Yes";"0"
"686.";"RedRocket_02_Diff_30";"Pest Control";"QuestSurprise";"21";"21";"RedRocket";"Yes";"0"
"687.";"RedRocket_02_Diff_40";"Pest Control";"QuestSurprise";"29";"29";"RedRocket";"Yes";"0"
"688.";"RedRocket_02_Diff_50";"Pest Control";"QuestSurprise";"37";"37";"RedRocket";"Yes";"0"
"689.";"RedRocket_03_Diff_10";"Pit Stop";"QuestSurprise";"5";"5";"RedRocket";"Yes";"0"
"690.";"RedRocket_03_Diff_20";"Pit Stop";"QuestSurprise";"13";"13";"RedRocket";"Yes";"0"
"691.";"RedRocket_03_Diff_30";"Pit Stop";"QuestSurprise";"21";"21";"RedRocket";"Yes";"0"
"692.";"RedRocket_03_Diff_40";"Pit Stop";"QuestSurprise";"29";"29";"RedRocket";"Yes";"0"
"693.";"RedRocket_03_Diff_50";"Pit Stop";"QuestSurprise";"37";"37";"RedRocket";"Yes";"0"
"694.";"RedRocket_04_Diff_10";"Misery Loathes Company";"QuestSurprise";"5";"5";"RedRocket";"Yes";"0"
"695.";"RedRocket_04_Diff_20";"Misery Loathes Company";"QuestSurprise";"13";"13";"RedRocket";"Yes";"0"
"696.";"RedRocket_04_Diff_30";"Misery Loathes Company";"QuestSurprise";"21";"21";"RedRocket";"Yes";"0"
"697.";"RedRocket_04_Diff_40";"Misery Loathes Company";"QuestSurprise";"29";"29";"RedRocket";"Yes";"0"
"698.";"RedRocket_04_Diff_50";"Misery Loathes Company";"QuestSurprise";"37";"37";"RedRocket";"Yes";"0"
"699.";"SuperMart_02_Diff_10";"Pest-Case Scenario";"QuestSurprise";"3";"3";"MarketPlace";"Yes";"0"
"700.";"SuperMart_02_Diff_20";"Pest-Case Scenario";"QuestSurprise";"11";"11";"MarketPlace";"Yes";"0"
"701.";"SuperMart_02_Diff_30";"Pest-Case Scenario";"QuestSurprise";"19";"19";"MarketPlace";"Yes";"0"
"702.";"SuperMart_02_Diff_40";"Pest-Case Scenario";"QuestSurprise";"27";"27";"MarketPlace";"Yes";"0"
"703.";"SuperMart_02_Diff_50";"Pest-Case Scenario";"QuestSurprise";"35";"35";"MarketPlace";"Yes";"0"
"704.";"SuperMart_03_Diff_10";"One Ghoul Customer";"QuestSurprise";"3";"3";"MarketPlace";"Yes";"0"
"705.";"SuperMart_03_Diff_20";"One Ghoul Customer";"QuestSurprise";"11";"11";"MarketPlace";"Yes";"0"
"706.";"SuperMart_03_Diff_30";"One Ghoul Customer";"QuestSurprise";"19";"19";"MarketPlace";"Yes";"0"
"707.";"SuperMart_03_Diff_40";"One Ghoul Customer";"QuestSurprise";"27";"27";"MarketPlace";"Yes";"0"
"708.";"SuperMart_03_Diff_50";"One Ghoul Customer";"QuestSurprise";"35";"35";"MarketPlace";"Yes";"0"
"709.";"SuperMart_04_Diff_10";"Crossing Paths";"QuestSurprise";"3";"3";"MarketPlace";"Yes";"0"
"710.";"SuperMart_04_Diff_20";"Crossing Paths";"QuestSurprise";"11";"11";"MarketPlace";"Yes";"0"
"711.";"SuperMart_04_Diff_30";"Crossing Paths";"QuestSurprise";"19";"19";"MarketPlace";"Yes";"0"
"712.";"SuperMart_04_Diff_40";"Crossing Paths";"QuestSurprise";"27";"27";"MarketPlace";"Yes";"0"
"713.";"SuperMart_04_Diff_50";"Crossing Paths";"QuestSurprise";"35";"35";"MarketPlace";"Yes";"0"
"714.";"AbandonedCabin_02_Diff_10";"Anybody Home?";"QuestSurprise";"4";"4";"AbandonedHouse";"Yes";"0"
"715.";"AbandonedCabin_02_Diff_20";"Anybody Home?";"QuestSurprise";"12";"12";"AbandonedHouse";"Yes";"0"
"716.";"AbandonedCabin_02_Diff_30";"Anybody Home?";"QuestSurprise";"20";"20";"AbandonedHouse";"Yes";"0"
"717.";"AbandonedCabin_02_Diff_40";"Anybody Home?";"QuestSurprise";"28";"28";"AbandonedHouse";"Yes";"0"
"718.";"AbandonedCabin_02_Diff_50";"Anybody Home?";"QuestSurprise";"36";"36";"AbandonedHouse";"Yes";"0"
"719.";"AbandonedCabin_03_Diff_10";"Uninvited Guests";"QuestSurprise";"4";"4";"AbandonedHouse";"Yes";"0"
"720.";"AbandonedCabin_03_Diff_20";"Uninvited Guests";"QuestSurprise";"12";"12";"AbandonedHouse";"Yes";"0"
"721.";"AbandonedCabin_03_Diff_30";"Uninvited Guests";"QuestSurprise";"20";"20";"AbandonedHouse";"Yes";"0"
"722.";"AbandonedCabin_03_Diff_40";"Uninvited Guests";"QuestSurprise";"28";"28";"AbandonedHouse";"Yes";"0"
"723.";"AbandonedCabin_03_Diff_50";"Uninvited Guests";"QuestSurprise";"36";"36";"AbandonedHouse";"Yes";"0"
"724.";"AbandonedCabin_04_Diff_10";"Family Matters";"QuestSurprise";"4";"4";"AbandonedHouse";"Yes";"0"
"725.";"AbandonedCabin_04_Diff_20";"Family Matters";"QuestSurprise";"12";"12";"AbandonedHouse";"Yes";"0"
"726.";"AbandonedCabin_04_Diff_30";"Family Matters";"QuestSurprise";"20";"20";"AbandonedHouse";"Yes";"0"
"727.";"AbandonedCabin_04_Diff_40";"Family Matters";"QuestSurprise";"28";"28";"AbandonedHouse";"Yes";"0"
"728.";"AbandonedCabin_04_Diff_50";"Family Matters";"QuestSurprise";"36";"36";"AbandonedHouse";"Yes";"0"
"729.";"FootballQuestline_01_Quest_01";"First Down";"EventQuest";"7";"7";"Historic";"No";"7200"
"730.";"FootballQuestline_01_Quest_02";"Second-Stringers";"EventQuest";"8";"8";"Historic";"No";"10800"
"731.";"FootballQuestline_01_Quest_03";"Third and Goal";"EventQuest";"9";"9";"Industrial";"No";"14400"
"732.";"Standalone_45";"A Pale Imitation";"StandardQuest";"23";"23";"Historic";"No";"72000"
"733.";"CaveTest_01";"Wrongo! I'm afraid you must... Lose Your Head!";"StandardQuest";"1";"1";"Cave";"No";"300"
"734.";"Standalone_46";"Wedding Crashers";"StandardQuest";"33";"33";"Cave";"No";"79200"
"735.";"Standalone_47";"Monster Under the Bed";"StandardQuest";"27";"27";"Cave";"No";"72000"
"736.";"Standalone_48";"Time to Wake Up!";"StandardQuest";"36";"36";"Historic";"No";"16200"
"737.";"Standalone_49";"Dog Gone";"StandardQuest";"21";"21";"Cave";"No";"72000"
"738.";"Standalone_50";"Raiding Party";"StandardQuest";"22";"22";"Cave";"No";"72000"
"739.";"Holidays_01";"The Spirit of Taking";"EventQuest";"15";"15";"Historic";"No";"36000"
"740.";"Holidays_02";"To Grandmother's House We Go";"EventQuest";"21";"21";"Cave";"No";"36000"
"741.";"BlackFriday_01";"The Door Buster";"EventQuest";"12";"12";"Cave";"No";"36000"
"742.";"HolidaysQuestline_01_Quest_01";"Santa's Helpers";"QuestlineQuest";"10";"10";"Vault";"No";"14400"
"743.";"HolidaysQuestline_01_Quest_02";"Christmas at the Raider Camp";"QuestlineQuest";"11";"11";"Historic";"No";"28800"
"744.";"HolidaysQuestline_01_Quest_03";"Cheer for the Ghouls";"QuestlineQuest";"12";"12";"Cave";"No";"14400"
"745.";"HolidaysQuestline_01_Quest_04";"Rescue Santa!";"QuestlineQuest";"13";"13";"Vault";"No";"28800"

