[
	{"name":"destroy_any_room","fullName":"Destroy any room."},
	{"name":"allow_pet_bonus_modification","fullName":"Remove pet bonus editing restrictions."},
	{"name":"remove_200_dweller_cap","fullName":"Remove max 200 dweller cap."},
	{"name":"remove_1_mr_handy_cap","fullName":"Remove max 1 MrHandy per level."},
	{"name":"remove_pet_count_caps","fullName":"Remove pet count restrictions."},
	{"name":"remove_wasteland_dweller_limit","fullName":"Allow unlimited dwellers in the wasteland."},
	{"name":"remove_stimpacks_radaways_cap","fullName":"Remove max stimpacks and radaways per dweller."},
	{"name":"remove_wasteland_mrhandy_cap","fullName":"Allow unlimited MrHandies in the wasteland."},
	{"name":"remove_wasteland_mrhandy_caps_limit","fullName":"Remove max caps per MrHandy."},
	{"name":"skip_more_objectives_per_day","fullName":"Skip as many objectives as you want."},
	{"name":"remove_caps_limit","fullName":"Remove max nuka caps limit."},
	{"name":"remove_storage_cap","fullName":"Unlimited storage size."},
	{"name":"rush_never_fails","fullName":"Production room rushes never fail."},
	{"name":"rush_instant","fullName":"Production room rushes are instant (no animation)."},
	{"name":"unlimited_resources","fullName":"Unlimited resources (power, water and food)."},
	{"name":"instant_wasteland_quests","fullName":"Get random wasteland quests instantly."},
	{"name":"no_vault_dweller_limit","fullName":"Remove max dweller cap based on living quarters count."},
	{"name":"no_room_build_restrictions","fullName":"Allows to build any room (does not depend on dweller count)."},
]