{
  "destroy_any_room": true,
  "allow_pet_bonus_modification": true,
  "remove_200_dweller_cap": true,
  "remove_1_mr_handy_cap": true,
  "remove_pet_count_caps": true,
  "remove_wasteland_dweller_limit": true,
  "remove_stimpacks_radaways_cap": true,
  "remove_wasteland_mrhandy_cap": true,
  "remove_wasteland_mrhandy_caps_limit": true,
  "skip_more_objectives_per_day": true,
  "remove_caps_limit": true,
  "remove_storage_cap": true,
  "rush_never_fails": true,
  "rush_instant":  true,
  "unlimited_resources": true,
  "instant_wasteland_quests": true,
  "no_vault_dweller_limit": true,
  "no_room_build_restrictions": true,
  "instant_wasteland_return": true,
  "unlimited_caps": true,
  "unlimited_quantum": true,
  "remove_quest_team_limit": true,
  "instant_breeding": true,
  "instant_growup": true
}