{
	"textures":[
		{
			"id":"MyAtlas",
			"filePath":"Textures/template.png",
			"width":1024,
			"height":1024
		},
		{
			"id":"MyIcons",
			"filePath":"Textures/icons.png",
			"width":1024,
			"height":1024
		}
	],
	"itemTextures": 
	[
		{
			"id":"my_outfit_icon",
			"atlas":"MyIcons",
			"x":0,
			"y":0,
			"width":130,
			"height":164
		}
	],
	"outfits":[
		{
			"id":"my_outfit",
			"displayName":"MyOutfit",
			"stats":[
				{
					"id":"S",
					"value":5
				},
				{
					"id":"A",
					"value":9
				}
			],
			"maleAtlas":"MyAtlas",
			"maleAtlasSlot":0,
			"femaleAtlas":"MyAtlas",
			"femaleAtlasSlot":1
			"itemTexture":"my_outfit_icon",
			"craft":[
				{
					"component":"leather",
					"count":4,
					"rarity":"normal"
				},
				{
					"component":"cloth",
					"count":1,
					"rarity":"normal"
				}
			]
		}
	]
}